time,A,B,M,N,R [ohm],cmd_id
2022-10-28T09:26:19.501405,0,0,0,0,[0.9779584508281632],f3f228a856894dc8b19dc703b92e0742
