time,A,B,M,N,R [ohm],cmd_id
2022-05-10T18:55:01.590322,1,2,3,4,[1.600655171037405],efd57ae989194a10ba4a7da334a07a86
