time,A,B,M,N,R [ohm],cmd_id
2022-05-10T18:53:17.500365,1,2,3,4,[2.2759747504265713],f8b072a1490c45588207700d424185df
