time,A,B,M,N,R [ohm],cmd_id
2022-05-10T17:52:59.197027,1,2,3,4,[0.3134144573379987],d9dea993dbf9455b9a953f2edff15ca2
