time,A,B,M,N,R [ohm],cmd_id
2022-05-10T18:21:21.324622,1,2,3,4,[0.9982968210311353],99b152379ae246b1b858b668f9a63342
