time,A,B,M,N,R [ohm],cmd_id
2022-05-10T18:41:58.850971,1,2,3,4,[0.48356134198384293],e2bd5ff5966543cc9d08146397354589
