time,A,B,M,N,R [ohm],cmd_id
2022-05-10T18:54:02.097167,1,2,3,4,[0.0635130239442995],efd57ae989194a10ba4a7da334a07a86
