time,A,B,M,N,R [ohm],cmd_id
2022-05-10T17:54:24.538533,1,2,3,4,[0.8143302059809145],d9dea993dbf9455b9a953f2edff15ca2
