time,A,B,M,N,R [ohm],cmd_id
2022-05-10T18:48:37.178175,1,2,3,4,[0.5912747751363315],f8b072a1490c45588207700d424185df
