time,A,B,M,N,R [ohm],cmd_id
2022-05-10T18:46:16.528436,1,2,3,4,[0.8774298525933032],d40a4348ce894fd7892e5545b7696a8d
