time,A,B,M,N,R [ohm],cmd_id
2022-05-10T17:52:55.967880,1,2,3,4,[0.6978030696081762],d9dea993dbf9455b9a953f2edff15ca2
