time,A,B,M,N,R [ohm],cmd_id
2022-05-10T18:42:02.042636,1,2,3,4,[0.4670364131310985],e2bd5ff5966543cc9d08146397354589
