time,A,B,M,N,R [ohm],cmd_id
2022-05-10T18:51:26.643625,1,2,3,4,[2.283483256513347],efd57ae989194a10ba4a7da334a07a86
