time,A,B,M,N,R [ohm],cmd_id
2022-05-10T18:54:09.663483,1,2,3,4,[0.8084988625574795],efd57ae989194a10ba4a7da334a07a86
