time,A,B,M,N,R [ohm],cmd_id
2022-05-10T18:47:24.849953,1,2,3,4,[0.9116787405964002],d63dfe7306734625bae5fed2d1dad082
