time,A,B,M,N,R [ohm],cmd_id
2022-05-10T18:45:09.611023,1,2,3,4,[0.4456810719432709],d40a4348ce894fd7892e5545b7696a8d
