time,A,B,M,N,R [ohm],cmd_id
2022-05-10T18:52:06.627731,1,2,3,4,[0.020267635193624917],f8b072a1490c45588207700d424185df
