time,A,B,M,N,R [ohm],cmd_id
2022-05-10T19:20:11.287699,1,2,3,4,[0.27324792231185774],
