time,A,B,M,N,R [ohm],cmd_id
2022-05-10T18:45:29.072860,1,2,3,4,[1.2648572148905672],d40a4348ce894fd7892e5545b7696a8d
