time,A,B,M,N,R [ohm],cmd_id
2022-05-10T17:56:54.859876,1,2,3,4,[0.01858869102483652],0df4e5ba1bb14a67852af59f54843bf5
