time,A,B,M,N,R [ohm],cmd_id
2022-05-10T18:52:24.828999,1,2,3,4,[0.6297140443212027],f8b072a1490c45588207700d424185df
