time,A,B,M,N,R [ohm],cmd_id
2022-05-10T18:50:20.828015,1,2,3,4,[0.02176539158714312],efd57ae989194a10ba4a7da334a07a86
