time,A,B,M,N,R [ohm],cmd_id
2022-05-10T18:51:21.248799,1,2,3,4,[2.0262219998239406],efd57ae989194a10ba4a7da334a07a86
