time,A,B,M,N,R [ohm],cmd_id
2022-05-10T18:21:44.011348,1,2,3,4,[2.7628828051699186],5c5e61a2254a461ea2cd6e51966df19d
