time,A,B,M,N,R [ohm],cmd_id
2022-05-10T18:47:33.494582,1,2,3,4,[1.9422560386985035],d63dfe7306734625bae5fed2d1dad082
