time,A,B,M,N,R [ohm],cmd_id
2022-05-10T17:52:52.744120,1,2,3,4,[2.578035623961335],d9dea993dbf9455b9a953f2edff15ca2
