time,A,B,M,N,R [ohm],cmd_id
2022-05-10T18:47:51.705994,1,2,3,4,[0.4006061124381105],d63dfe7306734625bae5fed2d1dad082
