time,A,B,M,N,R [ohm],cmd_id
2022-05-10T18:55:19.937520,1,2,3,4,[2.6172507336672695],efd57ae989194a10ba4a7da334a07a86
