time,A,B,M,N,R [ohm],cmd_id
2022-05-10T18:53:11.084547,1,2,3,4,[0.2830474380136427],f8b072a1490c45588207700d424185df
