time,A,B,M,N,R [ohm],cmd_id
2022-05-10T18:46:57.817268,1,2,3,4,[0.1440914030302188],d63dfe7306734625bae5fed2d1dad082
