time,A,B,M,N,R [ohm],cmd_id
2022-05-10T18:42:26.586604,1,2,3,4,[1.4623900335456648],d6f1797cdeff403283467996f39e53bb
