time,A,B,M,N,R [ohm],cmd_id
2022-05-10T18:55:23.214921,1,2,3,4,[1.7542404920941148],efd57ae989194a10ba4a7da334a07a86
