time,A,B,M,N,R [ohm],cmd_id
2022-05-10T18:50:41.352941,1,2,3,4,[1.2706337933287508],efd57ae989194a10ba4a7da334a07a86
