time,A,B,M,N,R [ohm],cmd_id
2022-05-10T18:45:15.005164,1,2,3,4,[0.9311949707853043],d40a4348ce894fd7892e5545b7696a8d
