time,A,B,M,N,R [ohm],cmd_id
2022-05-10T18:53:42.581953,1,2,3,4,[1.2292492587216044],efd57ae989194a10ba4a7da334a07a86
