time,A,B,M,N,R [ohm],cmd_id
2022-05-10T18:49:25.820110,1,2,3,4,[0.10480797451186727],f8b072a1490c45588207700d424185df
