time,A,B,M,N,R [ohm],cmd_id
2022-05-10T17:53:26.263251,1,2,3,4,[1.529852295277973],d9dea993dbf9455b9a953f2edff15ca2
