time,A,B,M,N,R [ohm],cmd_id
2022-05-10T18:47:29.187697,1,2,3,4,[2.0626592462893427],d63dfe7306734625bae5fed2d1dad082
