time,A,B,M,N,R [ohm],cmd_id
2022-05-10T18:54:26.000829,1,2,3,4,[1.004180658225416],efd57ae989194a10ba4a7da334a07a86
