time,A,B,M,N,R [ohm],cmd_id
2022-05-10T18:45:40.885505,1,2,3,4,[2.302484367733909],d40a4348ce894fd7892e5545b7696a8d
