time,A,B,M,N,R [ohm],cmd_id
2022-05-10T18:53:35.862601,1,2,3,4,[0.24673063363222247],f8b072a1490c45588207700d424185df
