time,A,B,M,N,R [ohm],cmd_id
2022-05-10T18:45:43.050194,1,2,3,4,[0.11338615247647535],d40a4348ce894fd7892e5545b7696a8d
