time,A,B,M,N,R [ohm],cmd_id
2022-05-10T18:44:56.670922,1,2,3,4,[0.10867883463868461],d40a4348ce894fd7892e5545b7696a8d
