time,A,B,M,N,R [ohm],cmd_id
2022-05-10T18:48:31.783635,1,2,3,4,[1.804149817347179],f8b072a1490c45588207700d424185df
