time,A,B,M,N,R [ohm],cmd_id
2022-05-10T18:55:27.544870,1,2,3,4,[0.8731333765974878],efd57ae989194a10ba4a7da334a07a86
