time,A,B,M,N,R [ohm],cmd_id
2022-05-10T18:46:51.277527,1,2,3,4,[0.3258159026398384],d63dfe7306734625bae5fed2d1dad082
