time,A,B,M,N,R [ohm],cmd_id
2022-05-10T17:53:10.004891,1,2,3,4,[0.35891779231873766],d9dea993dbf9455b9a953f2edff15ca2
