time,A,B,M,N,R [ohm],cmd_id
2022-05-10T17:56:46.235645,1,2,3,4,[0.41562926662925487],0df4e5ba1bb14a67852af59f54843bf5
