time,A,B,M,N,R [ohm],cmd_id
2022-05-10T18:51:10.540298,1,2,3,4,[2.280713062692365],efd57ae989194a10ba4a7da334a07a86
