A,B,M,N,R [ohm],cmd_id
[1],[2],[3],[4],[0.20106068],19988caabc1149979499b5b478dbee3d
[1],[2],[3],[4],[2.19822902],44df2115a5c94634be228e769aebeb7b
[1],[2],[3],[4],[0.14050286],7e48943465c546dca66728e04e51285c
