time,A,B,M,N,R [ohm],cmd_id
2022-05-10T17:54:02.964319,1,2,3,4,[0.9444602619454203],d9dea993dbf9455b9a953f2edff15ca2
