time,A,B,M,N,R [ohm],cmd_id
2022-05-10T17:54:19.138399,1,2,3,4,[2.6738705647218866],d9dea993dbf9455b9a953f2edff15ca2
