time,A,B,M,N,R [ohm],cmd_id
2022-05-10T18:21:24.546250,1,2,3,4,[0.3116835004533817],99b152379ae246b1b858b668f9a63342
