time,A,B,M,N,R [ohm],cmd_id
2022-05-10T18:51:32.047353,1,2,3,4,[1.2226584566300562],efd57ae989194a10ba4a7da334a07a86
