time,A,B,M,N,R [ohm],cmd_id
2022-05-10T18:54:30.305053,1,2,3,4,[0.5774730434226182],efd57ae989194a10ba4a7da334a07a86
