time,A,B,M,N,R [ohm],cmd_id
2022-05-10T18:46:07.943737,1,2,3,4,[1.2340037530586572],d40a4348ce894fd7892e5545b7696a8d
