time,A,B,M,N,R [ohm],cmd_id
2022-05-10T18:52:46.309574,1,2,3,4,[0.4938794193402016],f8b072a1490c45588207700d424185df
