time,A,B,M,N,R [ohm],cmd_id
2022-05-10T18:48:55.562205,1,2,3,4,[1.4659380607497976],f8b072a1490c45588207700d424185df
