time,A,B,M,N,R [ohm],cmd_id
2022-05-10T18:46:13.276493,1,2,3,4,[0.3685466372720285],d40a4348ce894fd7892e5545b7696a8d
