time,A,B,M,N,R [ohm],cmd_id
2022-05-10T18:47:23.772082,1,2,3,4,[0.01475945266566788],d63dfe7306734625bae5fed2d1dad082
