time,A,B,M,N,R [ohm],cmd_id
2022-05-10T18:41:15.832064,1,2,3,4,[0.2427521184060787],e2bd5ff5966543cc9d08146397354589
