time,A,B,M,N,R [ohm],cmd_id
2022-10-28T09:04:29.756002,0,0,0,0,[1.983590154096688],6d6630c4b9b94edb999c8ae7525fda74
