time,A,B,M,N,R [ohm],cmd_id
2022-05-10T18:51:25.572158,1,2,3,4,[1.1621366465611613],efd57ae989194a10ba4a7da334a07a86
