time,A,B,M,N,R [ohm],cmd_id
2022-05-10T18:20:12.182244,1,2,3,4,[0.37639806899925465],99b152379ae246b1b858b668f9a63342
