time,A,B,M,N,R [ohm],cmd_id
2022-05-10T18:41:41.602595,1,2,3,4,[1.1109814051262952],e2bd5ff5966543cc9d08146397354589
