time,A,B,M,N,R [ohm],cmd_id
2022-05-10T18:48:43.648068,1,2,3,4,[0.005417907948500872],f8b072a1490c45588207700d424185df
