time,A,B,M,N,R [ohm],cmd_id
2022-05-10T18:54:40.069940,1,2,3,4,[0.6467287752741179],efd57ae989194a10ba4a7da334a07a86
