time,A,B,M,N,R [ohm],cmd_id
2022-05-10T18:50:47.799345,1,2,3,4,[0.26061624045895826],efd57ae989194a10ba4a7da334a07a86
