time,A,B,M,N,R [ohm],cmd_id
2022-05-10T18:41:27.654092,1,2,3,4,[1.3062033558224124],e2bd5ff5966543cc9d08146397354589
