time,A,B,M,N,R [ohm],cmd_id
2022-05-10T18:54:59.437966,1,2,3,4,[0.4519408867995387],efd57ae989194a10ba4a7da334a07a86
