time,A,B,M,N,R [ohm],cmd_id
2022-05-10T18:50:06.892663,1,2,3,4,[0.9913205142673883],efd57ae989194a10ba4a7da334a07a86
