time,A,B,M,N,R [ohm],cmd_id
2022-05-10T18:43:22.746562,1,2,3,4,[0.29787458360745783],bddbd7a9dc954e46a23066a9680d6a0d
