time,A,B,M,N,R [ohm],cmd_id
2022-05-10T17:56:18.249967,1,2,3,4,[0.06940091039266966],0df4e5ba1bb14a67852af59f54843bf5
