time,A,B,M,N,R [ohm],cmd_id
2022-10-27T23:13:58.850309,0,0,0,0,[0.8610562757483102],207cf100c9854158887bbe9addc8cf04
