time,A,B,M,N,R [ohm],cmd_id
2022-05-10T18:49:05.345405,1,2,3,4,[1.0682307729772975],f8b072a1490c45588207700d424185df
