time,A,B,M,N,R [ohm],cmd_id
2022-05-10T18:51:24.449117,1,2,3,4,[0.21335382754205148],efd57ae989194a10ba4a7da334a07a86
