time,A,B,M,N,R [ohm],cmd_id
2022-05-10T18:50:44.581952,1,2,3,4,[0.29320323655317426],efd57ae989194a10ba4a7da334a07a86
