time,A,B,M,N,R [ohm],cmd_id
2022-05-10T18:43:21.488727,1,2,3,4,[0.9004433827716598],fa351edeb0ef432ab6f6fd2184565c49
