time,A,B,M,N,R [ohm],cmd_id
2022-05-10T17:53:32.725756,1,2,3,4,[0.305291744369626],d9dea993dbf9455b9a953f2edff15ca2
