time,A,B,M,N,R [ohm],cmd_id
2022-05-10T18:49:45.183788,1,2,3,4,[1.0532257783087404],f8b072a1490c45588207700d424185df
