time,A,B,M,N,R [ohm],cmd_id
2022-05-10T18:20:20.771642,1,2,3,4,[0.9194368899151157],99b152379ae246b1b858b668f9a63342
