time,A,B,M,N,R [ohm],cmd_id
2022-05-10T18:52:57.063206,1,2,3,4,[0.39502005564563536],f8b072a1490c45588207700d424185df
