time,A,B,M,N,R [ohm],cmd_id
2022-05-10T17:55:48.509373,1,2,3,4,[0.1959512243825358],53c6ab7e9c2946ef8de122a8623c19a3
