time,A,B,M,N,R [ohm],cmd_id
2022-05-10T18:49:58.100593,1,2,3,4,[2.1163737418173434],f8b072a1490c45588207700d424185df
