time,A,B,M,N,R [ohm],cmd_id
2022-05-10T18:51:19.100042,1,2,3,4,[0.505658888956533],efd57ae989194a10ba4a7da334a07a86
