time,A,B,M,N,R [ohm],cmd_id
2022-05-10T17:54:25.616766,1,2,3,4,[0.6290263275799032],d9dea993dbf9455b9a953f2edff15ca2
