time,A,B,M,N,R [ohm],cmd_id
2022-05-10T17:54:16.986959,1,2,3,4,[0.24403212679798877],d9dea993dbf9455b9a953f2edff15ca2
