time,A,B,M,N,R [ohm],cmd_id
2022-05-10T18:53:13.212110,1,2,3,4,[0.17055792594186078],f8b072a1490c45588207700d424185df
