time,A,B,M,N,R [ohm],cmd_id
2022-10-28T00:07:36.039416,0,0,0,0,[0.14563347982548494],f4302f2e92884abc96cef1045f83fe6d
