time,A,B,M,N,R [ohm],cmd_id
2022-05-10T18:48:42.576304,1,2,3,4,[1.26716490849475],f8b072a1490c45588207700d424185df
