time,A,B,M,N,R [ohm],cmd_id
2022-05-10T18:47:46.317062,1,2,3,4,[0.8107863115475471],d63dfe7306734625bae5fed2d1dad082
