time,A,B,M,N,R [ohm],cmd_id
2022-05-10T18:21:42.932371,1,2,3,4,[0.9201330205537569],5c5e61a2254a461ea2cd6e51966df19d
