time,A,B,M,N,R [ohm],cmd_id
2022-05-10T18:46:18.715256,1,2,3,4,[0.18003385455915868],d40a4348ce894fd7892e5545b7696a8d
