time,A,B,M,N,R [ohm],cmd_id
2022-05-10T18:50:17.657718,1,2,3,4,[0.48561432420494116],efd57ae989194a10ba4a7da334a07a86
