A,B,M,N,R [ohm],cmd_id
[1],[2],[3],[4],[0.23421018],dd2601b5319d4116bb693e16ff5bebd1
[1],[2],[3],[4],[0.38622142],ed3b9b13c5d641e6a887717389a5cff1
[1],[2],[3],[4],[0.04005623],3f114460303e487fbf28a8deb0bd598b
[1],[2],[3],[4],[2.15132573],86b56fcdafcc4032abb24cda62faefd0
[1],[2],[3],[4],[1.50191124],559bf727f73c44099003c69c76d90c71
[1],[2],[3],[4],[1.29588837],a2b424f13d5e4068bf9531bf65a0b1b5
[1],[2],[3],[4],[0.76436864],df843b250a6f4bb29680f47b9010fdc1
[1],[2],[3],[4],[0.83184996],7a2adad9b705474389bfd6d51e538669
