time,A,B,M,N,R [ohm],cmd_id
2022-05-10T18:51:49.258085,1,2,3,4,[1.1466309998857853],efd57ae989194a10ba4a7da334a07a86
