time,A,B,M,N,R [ohm],cmd_id
2022-05-10T18:47:56.061873,1,2,3,4,[2.1519378499076125],d63dfe7306734625bae5fed2d1dad082
