time,A,B,M,N,R [ohm],cmd_id
2022-05-10T18:47:37.777832,1,2,3,4,[0.06402790283429151],d63dfe7306734625bae5fed2d1dad082
