time,A,B,M,N,R [ohm],cmd_id
2022-05-10T17:54:27.761737,1,2,3,4,[0.8756502662994698],d9dea993dbf9455b9a953f2edff15ca2
