time,A,B,M,N,R [ohm],cmd_id
2022-05-10T18:54:54.060291,1,2,3,4,[0.6063746512745983],efd57ae989194a10ba4a7da334a07a86
