time,A,B,M,N,R [ohm],cmd_id
2022-05-10T18:46:35.080659,1,2,3,4,[1.0805357095119668],d63dfe7306734625bae5fed2d1dad082
