time,A,B,M,N,R [ohm],cmd_id
2022-05-10T18:20:18.616963,1,2,3,4,[0.2647540114873736],99b152379ae246b1b858b668f9a63342
