time,A,B,M,N,R [ohm],cmd_id
2022-05-10T18:46:32.910711,1,2,3,4,[1.361194531899214],d63dfe7306734625bae5fed2d1dad082
