time,A,B,M,N,R [ohm],cmd_id
2022-05-10T17:56:43.019315,1,2,3,4,[0.45485146313534747],0df4e5ba1bb14a67852af59f54843bf5
