time,A,B,M,N,R [ohm],cmd_id
2022-05-10T18:50:11.194170,1,2,3,4,[0.688135973837106],efd57ae989194a10ba4a7da334a07a86
