time,A,B,M,N,R [ohm],cmd_id
2022-05-10T18:48:28.497613,1,2,3,4,[1.1054916781974042],f8b072a1490c45588207700d424185df
