time,A,B,M,N,R [ohm],cmd_id
2022-05-10T18:52:42.003220,1,2,3,4,[0.7744713703908123],f8b072a1490c45588207700d424185df
