time,A,B,M,N,R [ohm],cmd_id
2022-05-10T18:55:09.118560,1,2,3,4,[0.44255152918106483],efd57ae989194a10ba4a7da334a07a86
