time,A,B,M,N,R [ohm],cmd_id
2022-05-10T18:53:47.970243,1,2,3,4,[0.5289901352719582],efd57ae989194a10ba4a7da334a07a86
