time,A,B,M,N,R [ohm],cmd_id
2022-05-10T18:21:20.248928,1,2,3,4,[2.394774124974907],99b152379ae246b1b858b668f9a63342
