time,A,B,M,N,R [ohm],cmd_id
2022-05-10T18:41:57.770701,1,2,3,4,[1.485346276620774],e2bd5ff5966543cc9d08146397354589
