time,A,B,M,N,R [ohm],cmd_id
2022-05-10T18:47:08.601630,1,2,3,4,[0.29018517514762615],d63dfe7306734625bae5fed2d1dad082
