time,A,B,M,N,R [ohm],cmd_id
2022-10-28T09:22:11.979786,0,0,0,0,[3.0055790731479917],0
