time,A,B,M,N,R [ohm],cmd_id
2022-10-28T09:04:14.005626,0,0,0,0,[1.1520667096922648],0
