time,A,B,M,N,R [ohm],cmd_id
2022-05-10T17:53:41.436751,1,2,3,4,[0.5077664721868146],d9dea993dbf9455b9a953f2edff15ca2
