time,A,B,M,N,R [ohm],cmd_id
2022-05-10T18:52:34.442593,1,2,3,4,[1.21230605205544],f8b072a1490c45588207700d424185df
