time,A,B,M,N,R [ohm],cmd_id
2022-05-10T17:54:30.960447,1,2,3,4,[1.4256924635837116],d9dea993dbf9455b9a953f2edff15ca2
