time,A,B,M,N,R [ohm],cmd_id
2022-05-10T18:51:22.324074,1,2,3,4,[0.6261302628448041],efd57ae989194a10ba4a7da334a07a86
