time,A,B,M,N,R [ohm],cmd_id
2022-05-10T18:20:35.967291,1,2,3,4,[2.180539810904615],99b152379ae246b1b858b668f9a63342
