time,A,B,M,N,R [ohm],cmd_id
2022-10-28T09:04:35.011974,0,0,0,0,[0.17354471682747985],0
