time,A,B,M,N,R [ohm],cmd_id
2022-05-10T17:53:08.920357,1,2,3,4,[1.482087704785611],d9dea993dbf9455b9a953f2edff15ca2
