time,A,B,M,N,R [ohm],cmd_id
2022-05-10T18:45:58.178528,1,2,3,4,[1.4321925057927083],d40a4348ce894fd7892e5545b7696a8d
