time,A,B,M,N,R [ohm],cmd_id
2022-05-10T18:46:19.793452,1,2,3,4,[0.734968517798439],d40a4348ce894fd7892e5545b7696a8d
