time,A,B,M,N,R [ohm],cmd_id
2022-05-10T18:21:01.857339,1,2,3,4,[1.2056842521176014],99b152379ae246b1b858b668f9a63342
