time,A,B,M,N,R [ohm],cmd_id
2022-05-10T17:52:51.661858,1,2,3,4,[0.6020080418374285],d9dea993dbf9455b9a953f2edff15ca2
