time,A,B,M,N,R [ohm],cmd_id
2022-05-10T18:20:59.704222,1,2,3,4,[0.0866117021664112],99b152379ae246b1b858b668f9a63342
