time,A,B,M,N,R [ohm],cmd_id
2022-05-10T18:53:20.753828,1,2,3,4,[1.0610793861677272],f8b072a1490c45588207700d424185df
