time,A,B,M,N,R [ohm],cmd_id
2022-05-10T18:51:20.172976,1,2,3,4,[0.9070474335767094],efd57ae989194a10ba4a7da334a07a86
