time,A,B,M,N,R [ohm],cmd_id
2022-05-10T18:44:42.712960,1,2,3,4,[1.171337226461388],d40a4348ce894fd7892e5545b7696a8d
