time,A,B,M,N,R [ohm],cmd_id
2022-05-10T18:52:31.234973,1,2,3,4,[0.15714418966341648],f8b072a1490c45588207700d424185df
