time,A,B,M,N,R [ohm],cmd_id
2022-05-10T18:48:26.345225,1,2,3,4,[0.7106277384083252],f8b072a1490c45588207700d424185df
