time,A,B,M,N,R [ohm],cmd_id
2022-05-10T18:43:53.080973,1,2,3,4,[0.7256777113083641],f8129fae58fe4568956a3751bf8fc4d9
