time,A,B,M,N,R [ohm],cmd_id
2022-05-10T18:45:12.854258,1,2,3,4,[0.9163568796609133],d40a4348ce894fd7892e5545b7696a8d
