time,A,B,M,N,R [ohm],cmd_id
2022-05-10T18:55:24.293699,1,2,3,4,[1.8946011002208059],efd57ae989194a10ba4a7da334a07a86
