time,A,B,M,N,R [ohm],cmd_id
2022-05-10T18:45:45.246234,1,2,3,4,[0.6874087090723223],d40a4348ce894fd7892e5545b7696a8d
