time,A,B,M,N,R [ohm],cmd_id
2022-05-10T18:49:50.562799,1,2,3,4,[0.7215220328212111],f8b072a1490c45588207700d424185df
