time,A,B,M,N,R [ohm],cmd_id
2022-05-10T18:48:19.906053,1,2,3,4,[0.08072284224961197],f8b072a1490c45588207700d424185df
