time,A,B,M,N,R [ohm],cmd_id
2022-05-10T18:54:58.362473,1,2,3,4,[0.7676517788429406],efd57ae989194a10ba4a7da334a07a86
