time,A,B,M,N,R [ohm],cmd_id
2022-05-10T18:46:27.325781,1,2,3,4,[1.0747595460681798],d40a4348ce894fd7892e5545b7696a8d
