time,A,B,M,N,R [ohm],cmd_id
2022-05-10T18:55:22.135475,1,2,3,4,[1.3470941914838885],efd57ae989194a10ba4a7da334a07a86
