time,A,B,M,N,R [ohm],cmd_id
2022-05-10T17:53:57.557749,1,2,3,4,[3.696336850855061],d9dea993dbf9455b9a953f2edff15ca2
