time,A,B,M,N,R [ohm],cmd_id
2022-05-10T18:53:10.025978,1,2,3,4,[0.8257430947778289],f8b072a1490c45588207700d424185df
