time,A,B,M,N,R [ohm],cmd_id
2022-05-10T17:53:59.720953,1,2,3,4,[2.285007374323047],d9dea993dbf9455b9a953f2edff15ca2
