time,A,B,M,N,R [ohm],cmd_id
2022-05-10T17:54:54.851206,1,2,3,4,[2.2748958794211447],6b3c7bf2249a44ce8894683ae27436d3
