time,A,B,M,N,R [ohm],cmd_id
2022-05-10T18:43:36.845718,1,2,3,4,[0.3773383035936556],3c3a682585a74e40a5e7e1505bffee75
