time,A,B,M,N,R [ohm],cmd_id
2022-05-10T18:53:45.816536,1,2,3,4,[1.0213928704218629],efd57ae989194a10ba4a7da334a07a86
