time,A,B,M,N,R [ohm],cmd_id
2022-05-10T18:46:40.464030,1,2,3,4,[2.349440984182639],d63dfe7306734625bae5fed2d1dad082
