time,A,B,M,N,R [ohm],cmd_id
2022-05-10T17:54:05.128329,1,2,3,4,[0.7690970670069329],d9dea993dbf9455b9a953f2edff15ca2
