time,A,B,M,N,R [ohm],cmd_id
2022-10-28T10:02:02.605422,0,0,0,0,[1.6062499478209165],c8f80b4e4bba47eda5462ef7f0bd4381
