time,A,B,M,N,R [ohm],cmd_id
2022-05-10T18:41:47.012433,1,2,3,4,[0.06861525911156016],e2bd5ff5966543cc9d08146397354589
