time,A,B,M,N,R [ohm],cmd_id
2022-05-10T18:45:08.521744,1,2,3,4,[1.9435610322646257],d40a4348ce894fd7892e5545b7696a8d
