time,A,B,M,N,R [ohm],cmd_id
2022-05-10T18:49:34.387925,1,2,3,4,[1.14056352017132],f8b072a1490c45588207700d424185df
