time,A,B,M,N,R [ohm],cmd_id
2022-05-10T18:54:52.986565,1,2,3,4,[0.6563858908689839],efd57ae989194a10ba4a7da334a07a86
