time,A,B,M,N,R [ohm],cmd_id
2022-05-10T18:19:59.259093,1,2,3,4,[0.18736523369012648],99b152379ae246b1b858b668f9a63342
