time,A,B,M,N,R [ohm],cmd_id
2022-05-10T17:52:57.039793,1,2,3,4,[1.3112440482129246],d9dea993dbf9455b9a953f2edff15ca2
