time,A,B,M,N,R [ohm],cmd_id
2022-05-10T18:48:13.243541,1,2,3,4,[0.8124821350758309],d63dfe7306734625bae5fed2d1dad082
