time,A,B,M,N,R [ohm],cmd_id
2022-05-10T18:52:19.480593,1,2,3,4,[2.7275227548178953],f8b072a1490c45588207700d424185df
