time,A,B,M,N,R [ohm],cmd_id
2022-05-10T18:47:54.942308,1,2,3,4,[0.013564492840560044],d63dfe7306734625bae5fed2d1dad082
