time,A,B,M,N,R [ohm],cmd_id
2022-05-10T18:43:44.371457,1,2,3,4,[1.3734903676756345],3c3a682585a74e40a5e7e1505bffee75
