time,A,B,M,N,R [ohm],cmd_id
2022-05-10T17:54:48.355787,1,2,3,4,[0.4164762751337299],6b3c7bf2249a44ce8894683ae27436d3
