time,A,B,M,N,R [ohm],cmd_id
2022-05-10T18:52:07.701964,1,2,3,4,[0.005903122598088367],f8b072a1490c45588207700d424185df
