time,A,B,M,N,R [ohm],cmd_id
2022-05-10T18:47:47.395831,1,2,3,4,[1.2755009745080053],d63dfe7306734625bae5fed2d1dad082
