time,A,B,M,N,R [ohm],cmd_id
2022-05-10T18:53:57.720986,1,2,3,4,[0.502093499705626],efd57ae989194a10ba4a7da334a07a86
