time,A,B,M,N,R [ohm],cmd_id
2022-05-10T18:43:00.912431,1,2,3,4,[1.5855422128274088],d6f1797cdeff403283467996f39e53bb
