time,A,B,M,N,R [ohm],cmd_id
2022-05-10T17:55:42.063731,1,2,3,4,[0.17698706278949855],53c6ab7e9c2946ef8de122a8623c19a3
