time,A,B,M,N,R [ohm],cmd_id
2022-05-10T18:54:46.518095,1,2,3,4,[0.9004699643476505],efd57ae989194a10ba4a7da334a07a86
