time,A,B,M,N,R [ohm],cmd_id
2022-05-10T18:50:51.082421,1,2,3,4,[0.5378102291710217],efd57ae989194a10ba4a7da334a07a86
