time,A,B,M,N,R [ohm],cmd_id
2022-05-10T18:45:46.324714,1,2,3,4,[0.24805104798362848],d40a4348ce894fd7892e5545b7696a8d
