time,A,B,M,N,R [ohm],cmd_id
2022-05-10T18:50:38.126419,1,2,3,4,[0.1731620259146187],efd57ae989194a10ba4a7da334a07a86
