time,A,B,M,N,R [ohm],cmd_id
2022-05-10T19:10:36.352999,1,2,3,4,[1.6906052724287823],
