time,A,B,M,N,R [ohm],cmd_id
2022-05-10T17:52:58.118564,1,2,3,4,[1.0364131659398292],d9dea993dbf9455b9a953f2edff15ca2
