time,A,B,M,N,R [ohm],cmd_id
2022-05-10T18:49:07.501842,1,2,3,4,[0.6919439277297088],f8b072a1490c45588207700d424185df
