time,A,B,M,N,R [ohm],cmd_id
2022-10-28T00:15:30.736138,0,0,0,0,[0.5119954140810152],0
