time,A,B,M,N,R [ohm],cmd_id
2022-05-10T18:21:35.337745,1,2,3,4,[1.2775659698451083],99b152379ae246b1b858b668f9a63342
