A,B,M,N,R [ohm],cmd_id
[1],[4],[2],[3],[0.02578368],
[2],[5],[3],[4],[0.47235923],
[3],[6],[4],[5],[0.92430254],
[4],[7],[5],[6],[2.18320567],
[5],[8],[6],[7],[0.77180588],
[6],[9],[7],[8],[0.22203814],
[7],[10],[8],[9],[1.40459666],
[8],[11],[9],[10],[0.12282584],
[9],[12],[10],[11],[2.82219461],
[10],[13],[11],[12],[1.53980427],
[11],[14],[12],[13],[1.08859283],
[12],[15],[13],[14],[1.60640341],
[13],[16],[14],[15],[0.28914041],
[14],[17],[15],[16],[2.14407294],
[15],[18],[16],[17],[0.41686058],
[16],[19],[17],[18],[2.79463378],
