time,A,B,M,N,R [ohm],cmd_id
2022-05-10T18:53:41.495747,1,2,3,4,[0.9989660359203305],efd57ae989194a10ba4a7da334a07a86
