time,A,B,M,N,R [ohm],cmd_id
2022-05-10T17:53:53.251413,1,2,3,4,[1.5974648020066309],d9dea993dbf9455b9a953f2edff15ca2
