time,A,B,M,N,R [ohm],cmd_id
2022-05-10T18:40:54.210729,1,2,3,4,[1.0302575808144163],e2bd5ff5966543cc9d08146397354589
