time,A,B,M,N,R [ohm],cmd_id
2022-05-10T18:42:55.520535,1,2,3,4,[0.12101489157990189],d6f1797cdeff403283467996f39e53bb
