time,A,B,M,N,R [ohm],cmd_id
2022-05-10T17:54:00.804718,1,2,3,4,[1.025348382638329],d9dea993dbf9455b9a953f2edff15ca2
