time,A,B,M,N,R [ohm],cmd_id
2022-05-10T18:53:44.741154,1,2,3,4,[1.0596828933634466],efd57ae989194a10ba4a7da334a07a86
