time,A,B,M,N,R [ohm],cmd_id
2022-05-10T18:20:38.096719,1,2,3,4,[1.404280983714592],99b152379ae246b1b858b668f9a63342
