time,A,B,M,N,R [ohm],cmd_id
2022-05-10T18:20:26.183324,1,2,3,4,[0.6614984263594843],99b152379ae246b1b858b668f9a63342
