time,A,B,M,N,R [ohm],cmd_id
2022-05-10T18:41:09.373938,1,2,3,4,[1.4474111538357792],e2bd5ff5966543cc9d08146397354589
