time,A,B,M,N,R [ohm],cmd_id
2022-05-10T18:51:15.871092,1,2,3,4,[0.5412189653442608],efd57ae989194a10ba4a7da334a07a86
