time,A,B,M,N,R [ohm],cmd_id
2022-05-10T18:41:52.346040,1,2,3,4,[0.9815267008482178],e2bd5ff5966543cc9d08146397354589
