time,A,B,M,N,R [ohm],cmd_id
2022-05-10T18:53:54.493201,1,2,3,4,[0.5031334982428531],efd57ae989194a10ba4a7da334a07a86
