time,A,B,M,N,R [ohm],cmd_id
2022-05-10T18:41:07.228320,1,2,3,4,[0.20486590242850292],e2bd5ff5966543cc9d08146397354589
