time,A,B,M,N,R [ohm],cmd_id
2022-05-10T17:57:00.210532,1,2,3,4,[0.7863927352935379],0df4e5ba1bb14a67852af59f54843bf5
