time,A,B,M,N,R [ohm],cmd_id
2022-05-10T18:42:03.117103,1,2,3,4,[0.6384463623459588],e2bd5ff5966543cc9d08146397354589
