A,B,M,N,R [ohm],cmd_id
[1],[2],[3],[4],[0.66699736],dd2601b5319d4116bb693e16ff5bebd1
[1],[2],[3],[4],[0.4114768],a2b424f13d5e4068bf9531bf65a0b1b5
[1],[2],[3],[4],[0.06713047],df843b250a6f4bb29680f47b9010fdc1
[1],[2],[3],[4],[0.42625713],7a2adad9b705474389bfd6d51e538669
