time,A,B,M,N,R [ohm],cmd_id
2022-10-27T22:49:04.463720,0,0,0,0,[1.3601392734149143],0
