time,A,B,M,N,R [ohm],cmd_id
2022-05-10T17:55:59.941033,1,2,3,4,[0.08933425241220538],0df4e5ba1bb14a67852af59f54843bf5
