time,A,B,M,N,R [ohm],cmd_id
2022-05-10T18:54:05.332606,1,2,3,4,[0.4194731811509402],efd57ae989194a10ba4a7da334a07a86
