time,A,B,M,N,R [ohm],cmd_id
2022-05-10T17:56:36.575670,1,2,3,4,[0.3562555941006915],0df4e5ba1bb14a67852af59f54843bf5
