time,A,B,M,N,R [ohm],cmd_id
2022-05-10T18:53:36.949748,1,2,3,4,[0.7062191441443223],f8b072a1490c45588207700d424185df
