time,A,B,M,N,R [ohm],cmd_id
2022-05-10T18:48:20.980785,1,2,3,4,[1.2759249127576988],f8b072a1490c45588207700d424185df
