time,A,B,M,N,R [ohm],cmd_id
2022-05-10T18:49:27.976621,1,2,3,4,[0.3272808240191781],f8b072a1490c45588207700d424185df
