time,A,B,M,N,R [ohm],cmd_id
2022-05-10T18:47:14.040275,1,2,3,4,[0.03676943323019583],d63dfe7306734625bae5fed2d1dad082
