time,A,B,M,N,R [ohm],cmd_id
2022-05-10T18:43:03.061818,1,2,3,4,[1.4153976675694384],d6f1797cdeff403283467996f39e53bb
