time,A,B,M,N,R [ohm],cmd_id
2022-05-10T18:19:58.182936,1,2,3,4,[0.7241366971906431],99b152379ae246b1b858b668f9a63342
