time,A,B,M,N,R [ohm],cmd_id
2022-05-10T18:45:57.094896,1,2,3,4,[0.21178320922624164],d40a4348ce894fd7892e5545b7696a8d
