time,A,B,M,N,R [ohm],cmd_id
2022-05-10T18:55:12.347709,1,2,3,4,[1.621440627279172],efd57ae989194a10ba4a7da334a07a86
