time,A,B,M,N,R [ohm],cmd_id
2022-05-10T18:54:38.990286,1,2,3,4,[0.6050816838029015],efd57ae989194a10ba4a7da334a07a86
