time,A,B,M,N,R [ohm],cmd_id
2022-05-10T17:56:01.024165,1,2,3,4,[1.520015875638655],0df4e5ba1bb14a67852af59f54843bf5
