time,A,B,M,N,R [ohm],cmd_id
2022-05-10T17:52:49.508073,1,2,3,4,[0.9226973725895034],d9dea993dbf9455b9a953f2edff15ca2
