time,A,B,M,N,R [ohm],cmd_id
2022-05-10T18:42:35.136666,1,2,3,4,[0.22401774259138993],d6f1797cdeff403283467996f39e53bb
