time,A,B,M,N,R [ohm],cmd_id
2022-05-10T17:54:44.089052,1,2,3,4,[1.1997196664602858],6b3c7bf2249a44ce8894683ae27436d3
