time,A,B,M,N,R [ohm],cmd_id
2022-05-10T18:46:05.807513,1,2,3,4,[1.2560535825988937],d40a4348ce894fd7892e5545b7696a8d
