time,A,B,M,N,R [ohm],cmd_id
2022-05-10T18:50:07.972356,1,2,3,4,[0.31940725582667895],efd57ae989194a10ba4a7da334a07a86
