time,A,B,M,N,R [ohm],cmd_id
2022-05-10T18:52:47.369389,1,2,3,4,[0.5137076491309492],f8b072a1490c45588207700d424185df
