time,A,B,M,N,R [ohm],cmd_id
2022-10-28T09:04:18.970768,0,0,0,0,[0.3077077927582845],0
