time,A,B,M,N,R [ohm],cmd_id
2022-05-10T18:51:53.764498,1,2,3,4,[1.4863193680894415],f8b072a1490c45588207700d424185df
