time,A,B,M,N,R [ohm],cmd_id
2022-05-10T18:51:51.402518,1,2,3,4,[0.5450041142407134],efd57ae989194a10ba4a7da334a07a86
