time,A,B,M,N,R [ohm],cmd_id
2022-05-10T18:45:56.016539,1,2,3,4,[0.6507126240819825],d40a4348ce894fd7892e5545b7696a8d
