time,A,B,M,N,R [ohm],cmd_id
2022-05-10T18:20:51.039777,1,2,3,4,[1.4945335246999947],99b152379ae246b1b858b668f9a63342
