time,A,B,M,N,R [ohm],cmd_id
2022-10-27T23:18:42.178080,0,0,0,0,[0.1822515557335413],466019ced3084f6385a987793e956a0f
