time,A,B,M,N,R [ohm],cmd_id
2022-10-28T00:12:13.838011,0,0,0,0,[0.03205812407358668],0
