time,A,B,M,N,R [ohm],cmd_id
2022-05-10T18:45:10.690049,1,2,3,4,[1.4480536199994014],d40a4348ce894fd7892e5545b7696a8d
