time,A,B,M,N,R [ohm],cmd_id
2022-05-10T18:42:45.863946,1,2,3,4,[0.09417049876745281],d6f1797cdeff403283467996f39e53bb
