time,A,B,M,N,R [ohm],cmd_id
2022-05-10T18:42:24.429390,1,2,3,4,[0.19270050586614673],d6f1797cdeff403283467996f39e53bb
