time,A,B,M,N,R [ohm],cmd_id
2022-05-10T18:45:23.630723,1,2,3,4,[0.45892936266285944],d40a4348ce894fd7892e5545b7696a8d
