time,A,B,M,N,R [ohm],cmd_id
2022-05-10T18:19:52.840406,1,2,3,4,[2.7437110290744493],99b152379ae246b1b858b668f9a63342
