time,A,B,M,N,R [ohm],cmd_id
2022-05-10T17:53:31.650108,1,2,3,4,[0.0451812504466691],d9dea993dbf9455b9a953f2edff15ca2
