time,A,B,M,N,R [ohm],cmd_id
2022-05-10T18:47:44.164248,1,2,3,4,[0.47578332596637407],d63dfe7306734625bae5fed2d1dad082
