A,B,M,N,R [ohm],cmd_id
[1],[2],[3],[4],[0.91446259],ed3b9b13c5d641e6a887717389a5cff1
[1],[2],[3],[4],[0.06286837],3f114460303e487fbf28a8deb0bd598b
[1],[2],[3],[4],[1.44076492],86b56fcdafcc4032abb24cda62faefd0
[1],[2],[3],[4],[0.84729517],559bf727f73c44099003c69c76d90c71
