time,A,B,M,N,R [ohm],cmd_id
2022-05-10T18:42:31.917567,1,2,3,4,[0.5070209350721325],d6f1797cdeff403283467996f39e53bb
