time,A,B,M,N,R [ohm],cmd_id
2022-05-10T18:50:03.510710,1,2,3,4,[1.0654161169010878],f8b072a1490c45588207700d424185df
