time,A,B,M,N,R [ohm],cmd_id
2022-05-10T18:50:02.438850,1,2,3,4,[1.4704123658289605],f8b072a1490c45588207700d424185df
