time,A,B,M,N,R [ohm],cmd_id
2022-05-10T18:20:49.959795,1,2,3,4,[1.4928944804762283],99b152379ae246b1b858b668f9a63342
