time,A,B,M,N,R [ohm],cmd_id
2022-05-10T18:50:35.981608,1,2,3,4,[1.6533088151412407],efd57ae989194a10ba4a7da334a07a86
