time,A,B,M,N,R [ohm],cmd_id
2022-05-10T18:44:54.503814,1,2,3,4,[0.81995061848879],d40a4348ce894fd7892e5545b7696a8d
