time,A,B,M,N,R [ohm],cmd_id
2022-05-10T18:45:16.078002,1,2,3,4,[1.2202192816279795],d40a4348ce894fd7892e5545b7696a8d
