time,A,B,M,N,R [ohm],cmd_id
2022-05-10T17:53:34.926840,1,2,3,4,[0.9959831518118246],d9dea993dbf9455b9a953f2edff15ca2
