time,A,B,M,N,R [ohm],cmd_id
2022-05-10T18:48:51.241607,1,2,3,4,[0.5726315184225514],f8b072a1490c45588207700d424185df
