time,A,B,M,N,R [ohm],cmd_id
2022-05-10T18:41:35.160678,1,2,3,4,[1.4452380793618071],e2bd5ff5966543cc9d08146397354589
