time,A,B,M,N,R [ohm],cmd_id
2022-05-10T17:55:43.137970,1,2,3,4,[0.35345436204227987],53c6ab7e9c2946ef8de122a8623c19a3
