time,A,B,M,N,R [ohm],cmd_id
2022-05-10T18:42:57.670985,1,2,3,4,[1.3038777394597425],d6f1797cdeff403283467996f39e53bb
