time,A,B,M,N,R [ohm],cmd_id
2022-05-10T18:54:24.917975,1,2,3,4,[0.9310194181442009],efd57ae989194a10ba4a7da334a07a86
