time,A,B,M,N,R [ohm],cmd_id
2022-05-10T18:51:37.429081,1,2,3,4,[0.1536191672731489],efd57ae989194a10ba4a7da334a07a86
