time,A,B,M,N,R [ohm],cmd_id
2022-05-10T18:45:03.147792,1,2,3,4,[0.8268308803885158],d40a4348ce894fd7892e5545b7696a8d
