time,A,B,M,N,R [ohm],cmd_id
2022-05-10T18:42:44.810818,1,2,3,4,[0.04027343075373627],d6f1797cdeff403283467996f39e53bb
