time,A,B,M,N,R [ohm],cmd_id
2022-05-10T18:51:05.175673,1,2,3,4,[0.1256266688133709],efd57ae989194a10ba4a7da334a07a86
