A,B,M,N,R [ohm],cmd_id
[1],[2],[3],[4],[1.34190602],44df2115a5c94634be228e769aebeb7b
[1],[2],[3],[4],[1.83903546],1c7a53a1f3e248b8af8c23523b823fcc
