time,A,B,M,N,R [ohm],cmd_id
2022-05-10T18:48:12.165222,1,2,3,4,[1.0379625433673643],d63dfe7306734625bae5fed2d1dad082
