time,A,B,M,N,R [ohm],cmd_id
2022-05-10T17:57:01.276167,1,2,3,4,[0.20418825285301143],0df4e5ba1bb14a67852af59f54843bf5
