time,A,B,M,N,R [ohm],cmd_id
2022-05-10T18:53:22.957290,1,2,3,4,[0.7450107242584053],f8b072a1490c45588207700d424185df
