time,A,B,M,N,R [ohm],cmd_id
2022-05-10T18:52:17.328161,1,2,3,4,[1.0402125914211524],f8b072a1490c45588207700d424185df
