time,A,B,M,N,R [ohm],cmd_id
2022-05-10T17:54:50.498318,1,2,3,4,[1.491428387720705],6b3c7bf2249a44ce8894683ae27436d3
