time,A,B,M,N,R [ohm],cmd_id
2022-05-10T17:52:50.583906,1,2,3,4,[1.284153894067661],d9dea993dbf9455b9a953f2edff15ca2
