time,A,B,M,N,R [ohm],cmd_id
2022-05-10T18:41:43.748499,1,2,3,4,[0.31588196698586685],e2bd5ff5966543cc9d08146397354589
