time,A,B,M,N,R [ohm],cmd_id
2022-05-10T18:19:51.723646,1,2,3,4,[0.7728998367003168],99b152379ae246b1b858b668f9a63342
