time,A,B,M,N,R [ohm],cmd_id
2022-05-10T18:53:51.249415,1,2,3,4,[0.13363753006173776],efd57ae989194a10ba4a7da334a07a86
