time,A,B,M,N,R [ohm],cmd_id
2022-05-10T18:20:58.630779,1,2,3,4,[0.03574939817549308],99b152379ae246b1b858b668f9a63342
