time,A,B,M,N,R [ohm],cmd_id
2022-05-10T18:43:12.735000,1,2,3,4,[0.00344319506043455],d6f1797cdeff403283467996f39e53bb
