time,A,B,M,N,R [ohm],cmd_id
2022-05-10T18:54:08.578378,1,2,3,4,[0.1115885631050543],efd57ae989194a10ba4a7da334a07a86
