time,A,B,M,N,R [ohm],cmd_id
2022-05-10T18:50:57.553638,1,2,3,4,[1.2294865907966672],efd57ae989194a10ba4a7da334a07a86
