time,A,B,M,N,R [ohm],cmd_id
2022-05-10T18:42:00.993530,1,2,3,4,[0.225744953528094],e2bd5ff5966543cc9d08146397354589
