time,A,B,M,N,R [ohm],cmd_id
2022-05-10T18:52:22.686035,1,2,3,4,[1.486783589425352],f8b072a1490c45588207700d424185df
