time,A,B,M,N,R [ohm],cmd_id
2022-05-10T17:54:14.851030,1,2,3,4,[0.7118769369064436],d9dea993dbf9455b9a953f2edff15ca2
