time,A,B,M,N,R [ohm],cmd_id
2022-05-10T17:52:45.181227,1,2,3,4,[0.1809680161633512],d9dea993dbf9455b9a953f2edff15ca2
