time,A,B,M,N,R [ohm],cmd_id
2022-05-10T18:48:24.219032,1,2,3,4,[0.1990971293862931],f8b072a1490c45588207700d424185df
