time,A,B,M,N,R [ohm],cmd_id
2022-05-10T18:53:40.189209,1,2,3,4,[0.7504223063366201],f8b072a1490c45588207700d424185df
