time,A,B,M,N,R [ohm],cmd_id
2022-05-10T18:19:53.904880,1,2,3,4,[0.7693204201442231],99b152379ae246b1b858b668f9a63342
