time,A,B,M,N,R [ohm],cmd_id
2022-05-10T18:46:20.866504,1,2,3,4,[0.0067096580460771086],d40a4348ce894fd7892e5545b7696a8d
