time,A,B,M,N,R [ohm],cmd_id
2022-05-10T17:54:26.705783,1,2,3,4,[0.05385399666453304],d9dea993dbf9455b9a953f2edff15ca2
