time,A,B,M,N,R [ohm],cmd_id
2022-05-10T18:50:39.206668,1,2,3,4,[3.359441898961509],efd57ae989194a10ba4a7da334a07a86
