time,A,B,M,N,R [ohm],cmd_id
2022-05-10T18:54:15.103525,1,2,3,4,[1.1691311312424246],efd57ae989194a10ba4a7da334a07a86
