time,A,B,M,N,R [ohm],cmd_id
2022-05-10T18:42:56.592342,1,2,3,4,[0.7968819335642741],d6f1797cdeff403283467996f39e53bb
