time,A,B,M,N,R [ohm],cmd_id
2022-05-10T18:48:02.495537,1,2,3,4,[0.27778097703240445],d63dfe7306734625bae5fed2d1dad082
