time,A,B,M,N,R [ohm],cmd_id
2022-05-10T18:55:08.041785,1,2,3,4,[0.48327132796614014],efd57ae989194a10ba4a7da334a07a86
