time,A,B,M,N,R [ohm],cmd_id
2022-05-10T18:48:57.756879,1,2,3,4,[0.2964830010467435],f8b072a1490c45588207700d424185df
