time,A,B,M,N,R [ohm],cmd_id
2022-05-10T18:48:22.058448,1,2,3,4,[0.26589650381971414],f8b072a1490c45588207700d424185df
