time,A,B,M,N,R [ohm],cmd_id
2022-05-10T18:51:14.798474,1,2,3,4,[0.2520038234399575],efd57ae989194a10ba4a7da334a07a86
