time,A,B,M,N,R [ohm],cmd_id
2022-05-10T18:48:11.089981,1,2,3,4,[0.7856711808540865],d63dfe7306734625bae5fed2d1dad082
