time,A,B,M,N,R [ohm],cmd_id
2022-05-10T18:41:19.084925,1,2,3,4,[2.258943602860139],e2bd5ff5966543cc9d08146397354589
