time,A,B,M,N,R [ohm],cmd_id
2022-05-10T17:54:01.884108,1,2,3,4,[0.4122243684829917],d9dea993dbf9455b9a953f2edff15ca2
