time,A,B,M,N,R [ohm],cmd_id
2022-05-10T18:54:16.229942,1,2,3,4,[2.0199783863457657],efd57ae989194a10ba4a7da334a07a86
