time,A,B,M,N,R [ohm],cmd_id
2022-05-10T18:46:15.433794,1,2,3,4,[0.8537248916288085],d40a4348ce894fd7892e5545b7696a8d
