time,A,B,M,N,R [ohm],cmd_id
2022-05-10T17:56:21.496935,1,2,3,4,[0.47135788311619775],0df4e5ba1bb14a67852af59f54843bf5
