time,A,B,M,N,R [ohm],cmd_id
2022-05-10T17:53:17.614626,1,2,3,4,[0.02871141578504849],d9dea993dbf9455b9a953f2edff15ca2
