time,A,B,M,N,R [ohm],cmd_id
2022-05-10T18:49:43.039163,1,2,3,4,[0.016117248757749048],f8b072a1490c45588207700d424185df
