time,A,B,M,N,R [ohm],cmd_id
2022-05-10T17:53:14.327922,1,2,3,4,[0.870296458042879],d9dea993dbf9455b9a953f2edff15ca2
