time,A,B,M,N,R [ohm],cmd_id
2022-05-10T18:52:15.176891,1,2,3,4,[0.2998293252186196],f8b072a1490c45588207700d424185df
