time,A,B,M,N,R [ohm],cmd_id
2022-05-10T18:45:05.292551,1,2,3,4,[1.1386627763629997],d40a4348ce894fd7892e5545b7696a8d
