time,A,B,M,N,R [ohm],cmd_id
2022-05-10T18:52:38.766881,1,2,3,4,[0.13226156476294354],f8b072a1490c45588207700d424185df
