time,A,B,M,N,R [ohm],cmd_id
2022-05-10T18:51:55.894853,1,2,3,4,[0.23120842274234515],f8b072a1490c45588207700d424185df
