time,A,B,M,N,R [ohm],cmd_id
2022-05-10T18:54:57.281135,1,2,3,4,[0.9302778327773162],efd57ae989194a10ba4a7da334a07a86
