time,A,B,M,N,R [ohm],cmd_id
2022-05-10T18:47:42.008223,1,2,3,4,[0.4066129383888639],d63dfe7306734625bae5fed2d1dad082
