time,A,B,M,N,R [ohm],cmd_id
2022-05-10T18:49:39.813133,1,2,3,4,[0.5757552481374723],f8b072a1490c45588207700d424185df
