time,A,B,M,N,R [ohm],cmd_id
2022-05-10T18:42:32.989009,1,2,3,4,[0.5567716432381407],d6f1797cdeff403283467996f39e53bb
