A,B,M,N,R [ohm],cmd_id
[1],[2],[3],[4],[0.80688802],df843b250a6f4bb29680f47b9010fdc1
[1],[2],[3],[4],[0.75611068],7a2adad9b705474389bfd6d51e538669
