time,A,B,M,N,R [ohm],cmd_id
2022-05-10T18:21:48.316936,1,2,3,4,[1.0932433582262575],5c5e61a2254a461ea2cd6e51966df19d
