time,A,B,M,N,R [ohm],cmd_id
2022-05-10T18:42:36.216753,1,2,3,4,[1.4531246243456832],d6f1797cdeff403283467996f39e53bb
