time,A,B,M,N,R [ohm],cmd_id
2022-05-10T18:46:39.388687,1,2,3,4,[0.09342753859474215],d63dfe7306734625bae5fed2d1dad082
