time,A,B,M,N,R [ohm],cmd_id
2022-05-10T17:54:08.376963,1,2,3,4,[1.2249004932214147],d9dea993dbf9455b9a953f2edff15ca2
