time,A,B,M,N,R [ohm],cmd_id
2022-05-10T18:53:27.269862,1,2,3,4,[1.2289085494059329],f8b072a1490c45588207700d424185df
