time,A,B,M,N,R [ohm],cmd_id
2022-05-10T17:53:03.524563,1,2,3,4,[0.4031991748041563],d9dea993dbf9455b9a953f2edff15ca2
