time,A,B,M,N,R [ohm],cmd_id
2022-05-10T18:20:16.461713,1,2,3,4,[0.0029380079970110456],99b152379ae246b1b858b668f9a63342
