time,A,B,M,N,R [ohm],cmd_id
2022-05-10T17:52:48.429224,1,2,3,4,[0.9666372671404022],d9dea993dbf9455b9a953f2edff15ca2
