time,A,B,M,N,R [ohm],cmd_id
2022-05-10T18:51:12.674980,1,2,3,4,[0.9295816021468435],efd57ae989194a10ba4a7da334a07a86
