time,A,B,M,N,R [ohm],cmd_id
2022-05-10T18:20:08.968422,1,2,3,4,[0.10378857288445302],99b152379ae246b1b858b668f9a63342
