time,A,B,M,N,R [ohm],cmd_id
2022-05-10T18:49:51.640234,1,2,3,4,[0.6684817824423411],f8b072a1490c45588207700d424185df
