time,A,B,M,N,R [ohm],cmd_id
2022-05-10T18:20:33.763782,1,2,3,4,[2.814069793374969],99b152379ae246b1b858b668f9a63342
