A,B,M,N,R [ohm],cmd_id
[1],[2],[3],[4],[0.25936319],ed3b9b13c5d641e6a887717389a5cff1
[1],[2],[3],[4],[0.8206329],3f114460303e487fbf28a8deb0bd598b
[1],[2],[3],[4],[0.79904846],86b56fcdafcc4032abb24cda62faefd0
[1],[2],[3],[4],[0.92627955],559bf727f73c44099003c69c76d90c71
