time,A,B,M,N,R [ohm],cmd_id
2022-05-10T18:48:17.753103,1,2,3,4,[0.4279541169529853],f8b072a1490c45588207700d424185df
