time,A,B,M,N,R [ohm],cmd_id
2022-05-10T18:49:02.064905,1,2,3,4,[1.1972460219691352],f8b072a1490c45588207700d424185df
