time,A,B,M,N,R [ohm],cmd_id
2022-05-10T18:43:34.700408,1,2,3,4,[1.7173086571113847],3c3a682585a74e40a5e7e1505bffee75
