time,A,B,M,N,R [ohm],cmd_id
2022-05-10T18:44:41.628240,1,2,3,4,[0.36292519658532124],d40a4348ce894fd7892e5545b7696a8d
