time,A,B,M,N,R [ohm],cmd_id
2022-05-10T18:48:05.714922,1,2,3,4,[1.9833416664187322],d63dfe7306734625bae5fed2d1dad082
