time,A,B,M,N,R [ohm],cmd_id
2022-05-10T18:49:48.402625,1,2,3,4,[2.0990822390792765],f8b072a1490c45588207700d424185df
