time,A,B,M,N,R [ohm],cmd_id
2022-10-28T09:22:24.010637,0,0,0,0,[0.44092642392217724],cb6f1a874dc34ec7b91cbce30238bd48
