time,A,B,M,N,R [ohm],cmd_id
2022-05-10T17:54:28.834738,1,2,3,4,[0.23449399040880584],d9dea993dbf9455b9a953f2edff15ca2
