time,A,B,M,N,R [ohm],cmd_id
2022-05-10T18:52:49.510852,1,2,3,4,[1.4862131885805212],f8b072a1490c45588207700d424185df
