time,A,B,M,N,R [ohm],cmd_id
2022-05-10T17:56:58.059322,1,2,3,4,[1.6456351278568278],0df4e5ba1bb14a67852af59f54843bf5
