time,A,B,M,N,R [ohm],cmd_id
2022-05-10T18:51:58.029743,1,2,3,4,[1.015273570670803],f8b072a1490c45588207700d424185df
