time,A,B,M,N,R [ohm],cmd_id
2022-05-10T18:43:08.430124,1,2,3,4,[0.47678151120107587],d6f1797cdeff403283467996f39e53bb
