time,A,B,M,N,R [ohm],cmd_id
2022-05-10T18:43:14.883289,1,2,3,4,[0.6413981218971022],d6f1797cdeff403283467996f39e53bb
