time,A,B,M,N,R [ohm],cmd_id
2022-05-10T18:50:14.433511,1,2,3,4,[0.34336141529553105],efd57ae989194a10ba4a7da334a07a86
