time,A,B,M,N,R [ohm],cmd_id
2022-05-10T18:42:22.280800,1,2,3,4,[0.12368751444619952],d6f1797cdeff403283467996f39e53bb
