time,A,B,M,N,R [ohm],cmd_id
2022-05-10T18:48:58.830242,1,2,3,4,[0.41929868196004016],f8b072a1490c45588207700d424185df
