time,A,B,M,N,R [ohm],cmd_id
2022-05-10T18:48:00.342285,1,2,3,4,[0.04792543887985626],d63dfe7306734625bae5fed2d1dad082
