time,A,B,M,N,R [ohm],cmd_id
2022-05-10T18:53:59.932365,1,2,3,4,[1.0175497952945907],efd57ae989194a10ba4a7da334a07a86
