time,A,B,M,N,R [ohm],cmd_id
2022-05-10T17:53:29.493061,1,2,3,4,[2.0273695337143898],d9dea993dbf9455b9a953f2edff15ca2
