time,A,B,M,N,R [ohm],cmd_id
2022-05-10T18:50:00.292126,1,2,3,4,[1.0735187752104876],f8b072a1490c45588207700d424185df
