A,B,M,N,R [ohm],cmd_id
[1],[2],[3],[4],[0.25473626],dd2601b5319d4116bb693e16ff5bebd1
[1],[2],[3],[4],[0.22226559],ed3b9b13c5d641e6a887717389a5cff1
[1],[2],[3],[4],[0.72330135],3f114460303e487fbf28a8deb0bd598b
[1],[2],[3],[4],[0.45924952],86b56fcdafcc4032abb24cda62faefd0
[1],[2],[3],[4],[1.74277059],559bf727f73c44099003c69c76d90c71
[1],[2],[3],[4],[0.50950694],a2b424f13d5e4068bf9531bf65a0b1b5
