time,A,B,M,N,R [ohm],cmd_id
2022-05-10T17:55:47.429403,1,2,3,4,[0.7583898349149123],53c6ab7e9c2946ef8de122a8623c19a3
