time,A,B,M,N,R [ohm],cmd_id
2022-05-10T17:56:31.180349,1,2,3,4,[2.762027695924754],0df4e5ba1bb14a67852af59f54843bf5
