time,A,B,M,N,R [ohm],cmd_id
2022-05-10T18:43:09.508822,1,2,3,4,[0.22587464903076312],d6f1797cdeff403283467996f39e53bb
