time,A,B,M,N,R [ohm],cmd_id
2022-05-10T18:20:19.699166,1,2,3,4,[0.11520605385820579],99b152379ae246b1b858b668f9a63342
