time,A,B,M,N,R [ohm],cmd_id
2022-05-10T18:42:53.364491,1,2,3,4,[1.9608383044642228],d6f1797cdeff403283467996f39e53bb
