time,A,B,M,N,R [ohm],cmd_id
2022-05-10T18:47:48.469213,1,2,3,4,[1.5175760691280056],d63dfe7306734625bae5fed2d1dad082
