time,A,B,M,N,R [ohm],cmd_id
2022-05-10T18:50:56.472844,1,2,3,4,[0.7395985012408551],efd57ae989194a10ba4a7da334a07a86
