time,A,B,M,N,R [ohm],cmd_id
2022-05-10T18:55:13.428346,1,2,3,4,[0.13305952105161128],efd57ae989194a10ba4a7da334a07a86
