time,A,B,M,N,R [ohm],cmd_id
2022-05-10T18:54:33.539481,1,2,3,4,[0.3663598896442183],efd57ae989194a10ba4a7da334a07a86
