time,A,B,M,N,R [ohm],cmd_id
2022-05-10T18:53:07.876369,1,2,3,4,[0.21758749242358277],f8b072a1490c45588207700d424185df
