time,A,B,M,N,R [ohm],cmd_id
2022-05-10T18:20:22.971531,1,2,3,4,[0.5744744840849867],99b152379ae246b1b858b668f9a63342
