time,A,B,M,N,R [ohm],cmd_id
2022-05-10T18:47:32.419957,1,2,3,4,[1.0566913266854685],d63dfe7306734625bae5fed2d1dad082
