time,A,B,M,N,R [ohm],cmd_id
2022-05-10T18:54:49.768091,1,2,3,4,[1.4752969516404175],efd57ae989194a10ba4a7da334a07a86
