time,A,B,M,N,R [ohm],cmd_id
2022-05-10T18:55:18.857775,1,2,3,4,[1.4839733602106464],efd57ae989194a10ba4a7da334a07a86
