time,A,B,M,N,R [ohm],cmd_id
2022-05-10T18:51:11.614725,1,2,3,4,[0.14691895413433806],efd57ae989194a10ba4a7da334a07a86
