time,A,B,M,N,R [ohm],cmd_id
2022-05-10T18:20:42.404274,1,2,3,4,[1.832397936407666],99b152379ae246b1b858b668f9a63342
