time,A,B,M,N,R [ohm],cmd_id
2022-05-10T18:50:15.506358,1,2,3,4,[0.05551265191705349],efd57ae989194a10ba4a7da334a07a86
