time,A,B,M,N,R [ohm],cmd_id
2022-05-10T18:50:12.276078,1,2,3,4,[1.6401939165931099],efd57ae989194a10ba4a7da334a07a86
