time,A,B,M,N,R [ohm],cmd_id
2022-05-10T18:48:44.724805,1,2,3,4,[0.79294187726313],f8b072a1490c45588207700d424185df
