time,A,B,M,N,R [ohm],cmd_id
2022-05-10T18:50:59.739931,1,2,3,4,[0.08554069063745302],efd57ae989194a10ba4a7da334a07a86
