time,A,B,M,N,R [ohm],cmd_id
2022-05-10T18:47:52.785257,1,2,3,4,[0.02557207874978431],d63dfe7306734625bae5fed2d1dad082
