time,A,B,M,N,R [ohm],cmd_id
2022-05-10T18:45:07.439458,1,2,3,4,[0.18788349414908928],d40a4348ce894fd7892e5545b7696a8d
