time,A,B,M,N,R [ohm],cmd_id
2022-05-10T18:45:24.706837,1,2,3,4,[1.0300569938086026],d40a4348ce894fd7892e5545b7696a8d
