time,A,B,M,N,R [ohm],cmd_id
2022-05-10T18:55:28.622939,1,2,3,4,[0.37999615789080726],efd57ae989194a10ba4a7da334a07a86
