time,A,B,M,N,R [ohm],cmd_id
2022-05-10T18:49:23.679031,1,2,3,4,[0.3365575540437621],f8b072a1490c45588207700d424185df
