time,A,B,M,N,R [ohm],cmd_id
2022-05-10T18:49:29.046177,1,2,3,4,[1.7153328868608],f8b072a1490c45588207700d424185df
