time,A,B,M,N,R [ohm],cmd_id
2022-05-10T18:47:06.443858,1,2,3,4,[1.1284306545361362],d63dfe7306734625bae5fed2d1dad082
