time,A,B,M,N,R [ohm],cmd_id
2022-05-10T18:50:13.352691,1,2,3,4,[0.833936515788142],efd57ae989194a10ba4a7da334a07a86
