time,A,B,M,N,R [ohm],cmd_id
2022-05-10T18:51:18.028549,1,2,3,4,[0.31445180273958895],efd57ae989194a10ba4a7da334a07a86
