time,A,B,M,N,R [ohm],cmd_id
2022-05-10T18:41:51.283204,1,2,3,4,[0.63871460746526],e2bd5ff5966543cc9d08146397354589
