time,A,B,M,N,R [ohm],cmd_id
2022-05-10T18:51:41.735224,1,2,3,4,[0.45340567153258393],efd57ae989194a10ba4a7da334a07a86
