time,A,B,M,N,R [ohm],cmd_id
2022-05-10T18:41:24.451314,1,2,3,4,[1.34114372067261],e2bd5ff5966543cc9d08146397354589
