time,A,B,M,N,R [ohm],cmd_id
2022-05-10T18:48:50.152692,1,2,3,4,[0.36831371090444087],f8b072a1490c45588207700d424185df
