time,A,B,M,N,R [ohm],cmd_id
2022-05-10T18:47:12.976160,1,2,3,4,[0.22534803369530437],d63dfe7306734625bae5fed2d1dad082
