time,A,B,M,N,R [ohm],cmd_id
2022-05-10T17:54:43.008829,1,2,3,4,[0.6636498153292548],6b3c7bf2249a44ce8894683ae27436d3
