time,A,B,M,N,R [ohm],cmd_id
2022-05-10T18:42:59.827736,1,2,3,4,[0.8950579851682012],d6f1797cdeff403283467996f39e53bb
