time,A,B,M,N,R [ohm],cmd_id
2022-05-10T18:54:47.600199,1,2,3,4,[1.0300334814162089],efd57ae989194a10ba4a7da334a07a86
