time,A,B,M,N,R [ohm],cmd_id
2022-05-10T18:20:02.498942,1,2,3,4,[1.0781231814847234],99b152379ae246b1b858b668f9a63342
