time,A,B,M,N,R [ohm],cmd_id
2022-05-10T18:54:10.788230,1,2,3,4,[0.7377800276197286],efd57ae989194a10ba4a7da334a07a86
