time,A,B,M,N,R [ohm],cmd_id
2022-05-10T18:52:58.136945,1,2,3,4,[0.06127303161982876],f8b072a1490c45588207700d424185df
