time,A,B,M,N,R [ohm],cmd_id
2022-05-10T17:54:06.211192,1,2,3,4,[0.8960811205181657],d9dea993dbf9455b9a953f2edff15ca2
