time,A,B,M,N,R [ohm],cmd_id
2022-05-10T18:53:43.660752,1,2,3,4,[1.5675240371294417],efd57ae989194a10ba4a7da334a07a86
