time,A,B,M,N,R [ohm],cmd_id
2022-05-10T18:21:33.153997,1,2,3,4,[1.3193103527679453],99b152379ae246b1b858b668f9a63342
