time,A,B,M,N,R [ohm],cmd_id
2022-05-10T18:30:33.804783,1,2,3,4,[0.4842674632843831],
