time,A,B,M,N,R [ohm],cmd_id
2022-05-10T18:21:41.857939,1,2,3,4,[1.0054712688733471],5c5e61a2254a461ea2cd6e51966df19d
