time,A,B,M,N,R [ohm],cmd_id
2022-05-10T17:53:33.847875,1,2,3,4,[1.5710212659131284],d9dea993dbf9455b9a953f2edff15ca2
