time,A,B,M,N,R [ohm],cmd_id
2022-05-10T18:41:31.930965,1,2,3,4,[0.3655119056276937],e2bd5ff5966543cc9d08146397354589
