time,A,B,M,N,R [ohm],cmd_id
2022-05-10T17:53:52.173114,1,2,3,4,[1.0482489725773667],d9dea993dbf9455b9a953f2edff15ca2
