time,A,B,M,N,R [ohm],cmd_id
2022-05-10T18:41:05.080194,1,2,3,4,[0.6451949412106097],e2bd5ff5966543cc9d08146397354589
