time,A,B,M,N,R [ohm],cmd_id
2022-05-10T18:46:54.531628,1,2,3,4,[0.8706054528671736],d63dfe7306734625bae5fed2d1dad082
