time,A,B,M,N,R [ohm],cmd_id
2022-05-10T18:41:42.672188,1,2,3,4,[1.54994190477606],e2bd5ff5966543cc9d08146397354589
