time,A,B,M,N,R [ohm],cmd_id
2022-05-10T18:41:06.158065,1,2,3,4,[0.16017653234624313],e2bd5ff5966543cc9d08146397354589
