time,A,B,M,N,R [ohm],cmd_id
2022-05-10T18:43:11.672409,1,2,3,4,[1.5661993353342514],d6f1797cdeff403283467996f39e53bb
