time,A,B,M,N,R [ohm],cmd_id
2022-05-10T18:42:06.352246,1,2,3,4,[0.6257562925379465],e2bd5ff5966543cc9d08146397354589
