time,A,B,M,N,R [ohm],cmd_id
2022-05-10T17:53:00.285023,1,2,3,4,[1.1804017545635328],d9dea993dbf9455b9a953f2edff15ca2
