time,A,B,M,N,R [ohm],cmd_id
2022-05-10T18:21:18.086850,1,2,3,4,[0.970323878619704],99b152379ae246b1b858b668f9a63342
