time,A,B,M,N,R [ohm],cmd_id
2022-05-10T18:53:49.092180,1,2,3,4,[0.21953787412539705],efd57ae989194a10ba4a7da334a07a86
