time,A,B,M,N,R [ohm],cmd_id
2022-05-10T18:20:32.687993,1,2,3,4,[2.599789428253961],99b152379ae246b1b858b668f9a63342
