time,A,B,M,N,R [ohm],cmd_id
2022-05-10T18:51:16.952392,1,2,3,4,[1.1290708100829379],efd57ae989194a10ba4a7da334a07a86
