time,A,B,M,N,R [ohm],cmd_id
2022-05-10T18:48:56.637908,1,2,3,4,[0.17381313675608256],f8b072a1490c45588207700d424185df
