time,A,B,M,N,R [ohm],cmd_id
2022-05-10T18:20:54.277773,1,2,3,4,[0.03939751295431105],99b152379ae246b1b858b668f9a63342
