time,A,B,M,N,R [ohm],cmd_id
2022-05-10T18:44:57.744210,1,2,3,4,[0.4594889558655914],d40a4348ce894fd7892e5545b7696a8d
