time,A,B,M,N,R [ohm],cmd_id
2022-05-10T18:48:46.925244,1,2,3,4,[0.9900371083206104],f8b072a1490c45588207700d424185df
