time,A,B,M,N,R [ohm],cmd_id
2022-05-10T18:47:34.599285,1,2,3,4,[0.537396908355402],d63dfe7306734625bae5fed2d1dad082
