time,A,B,M,N,R [ohm],cmd_id
2022-05-10T18:46:55.613965,1,2,3,4,[1.4822451532334135],d63dfe7306734625bae5fed2d1dad082
