time,A,B,M,N,R [ohm],cmd_id
2022-05-10T18:41:45.891876,1,2,3,4,[0.734627853941451],e2bd5ff5966543cc9d08146397354589
