time,A,B,M,N,R [ohm],cmd_id
2022-05-10T18:20:55.354348,1,2,3,4,[1.3148964569719572],99b152379ae246b1b858b668f9a63342
