time,A,B,M,N,R [ohm],cmd_id
2022-05-10T18:50:42.430612,1,2,3,4,[0.1780786009172546],efd57ae989194a10ba4a7da334a07a86
