time,A,B,M,N,R [ohm],cmd_id
2022-05-10T18:47:05.368738,1,2,3,4,[0.35400725756565016],d63dfe7306734625bae5fed2d1dad082
