time,A,B,M,N,R [ohm],cmd_id
2022-05-10T18:55:15.585760,1,2,3,4,[1.2767353345584964],efd57ae989194a10ba4a7da334a07a86
