time,A,B,M,N,R [ohm],cmd_id
2022-05-10T18:49:57.025930,1,2,3,4,[0.5665634010659966],f8b072a1490c45588207700d424185df
