time,A,B,M,N,R [ohm],cmd_id
2022-05-10T18:41:16.909797,1,2,3,4,[0.30368991576018206],e2bd5ff5966543cc9d08146397354589
