A,B,M,N,R [ohm],cmd_id
[1],[2],[3],[4],[1.20693412],19988caabc1149979499b5b478dbee3d
[1],[2],[3],[4],[0.13885848],44df2115a5c94634be228e769aebeb7b
[1],[2],[3],[4],[1.19567088],1c7a53a1f3e248b8af8c23523b823fcc
[1],[2],[3],[4],[1.63401652],7e48943465c546dca66728e04e51285c
