time,A,B,M,N,R [ohm],cmd_id
2022-05-10T18:52:08.758224,1,2,3,4,[0.4452162232759544],f8b072a1490c45588207700d424185df
