time,A,B,M,N,R [ohm],cmd_id
2022-05-10T18:20:04.694128,1,2,3,4,[1.7138654587488666],99b152379ae246b1b858b668f9a63342
