time,A,B,M,N,R [ohm],cmd_id
2022-05-10T18:50:05.811621,1,2,3,4,[0.9398260173092091],efd57ae989194a10ba4a7da334a07a86
