time,A,B,M,N,R [ohm],cmd_id
2022-05-10T17:53:11.078331,1,2,3,4,[0.7352401953252741],d9dea993dbf9455b9a953f2edff15ca2
