time,A,B,M,N,R [ohm],cmd_id
2022-05-10T18:51:07.330771,1,2,3,4,[0.08977155392376684],efd57ae989194a10ba4a7da334a07a86
