time,A,B,M,N,R [ohm],cmd_id
2022-05-10T18:42:04.199377,1,2,3,4,[0.045972970818734624],e2bd5ff5966543cc9d08146397354589
