time,A,B,M,N,R [ohm],cmd_id
2022-05-10T18:47:43.088202,1,2,3,4,[1.119138045519411],d63dfe7306734625bae5fed2d1dad082
