time,A,B,M,N,R [ohm],cmd_id
2022-05-10T18:42:58.744935,1,2,3,4,[0.07875117069433242],d6f1797cdeff403283467996f39e53bb
