time,A,B,M,N,R [ohm],cmd_id
2022-05-10T18:43:43.290367,1,2,3,4,[0.17871075080568247],3c3a682585a74e40a5e7e1505bffee75
