time,A,B,M,N,R [ohm],cmd_id
2022-05-10T18:43:47.579249,1,2,3,4,[0.8957301924404347],3c3a682585a74e40a5e7e1505bffee75
