time,A,B,M,N,R [ohm],cmd_id
2022-05-10T18:53:56.645140,1,2,3,4,[0.34414932273054083],efd57ae989194a10ba4a7da334a07a86
