time,A,B,M,N,R [ohm],cmd_id
2022-05-10T18:44:48.064627,1,2,3,4,[0.4722296453711258],d40a4348ce894fd7892e5545b7696a8d
