time,A,B,M,N,R [ohm],cmd_id
2022-05-10T18:49:09.700775,1,2,3,4,[1.3095721330119536],f8b072a1490c45588207700d424185df
