time,A,B,M,N,R [ohm],cmd_id
2022-05-10T18:54:17.309136,1,2,3,4,[0.8756515136413104],efd57ae989194a10ba4a7da334a07a86
