time,A,B,M,N,R [ohm],cmd_id
2022-05-10T18:49:19.376426,1,2,3,4,[0.03128973176088297],f8b072a1490c45588207700d424185df
