time,A,B,M,N,R [ohm],cmd_id
2022-05-10T18:54:50.848259,1,2,3,4,[0.4328773883325899],efd57ae989194a10ba4a7da334a07a86
