time,A,B,M,N,R [ohm],cmd_id
2022-05-10T18:40:58.575846,1,2,3,4,[0.11634686768646009],e2bd5ff5966543cc9d08146397354589
