time,A,B,M,N,R [ohm],cmd_id
2022-05-10T18:49:16.155825,1,2,3,4,[1.1609073665285026],f8b072a1490c45588207700d424185df
