time,A,B,M,N,R [ohm],cmd_id
2022-05-10T18:51:13.733807,1,2,3,4,[0.3988870678251975],efd57ae989194a10ba4a7da334a07a86
