time,A,B,M,N,R [ohm],cmd_id
2022-05-10T18:51:01.910671,1,2,3,4,[0.4614750335660743],efd57ae989194a10ba4a7da334a07a86
