time,A,B,M,N,R [ohm],cmd_id
2022-05-10T18:51:36.353990,1,2,3,4,[0.014400540105534806],efd57ae989194a10ba4a7da334a07a86
