time,A,B,M,N,R [ohm],cmd_id
2022-05-10T18:46:26.256252,1,2,3,4,[0.5564433825965848],d40a4348ce894fd7892e5545b7696a8d
