time,A,B,M,N,R [ohm],cmd_id
2022-05-10T18:50:30.535703,1,2,3,4,[1.657226050002393],efd57ae989194a10ba4a7da334a07a86
