time,A,B,M,N,R [ohm],cmd_id
2022-05-10T18:54:28.153759,1,2,3,4,[1.0192545641030804],efd57ae989194a10ba4a7da334a07a86
