time,A,B,M,N,R [ohm],cmd_id
2022-05-10T18:51:02.983335,1,2,3,4,[0.31440067872520405],efd57ae989194a10ba4a7da334a07a86
