time,A,B,M,N,R [ohm],cmd_id
2022-05-10T18:49:38.700888,1,2,3,4,[0.9766601366003748],f8b072a1490c45588207700d424185df
