time,A,B,M,N,R [ohm],cmd_id
2022-05-10T18:48:48.004037,1,2,3,4,[0.46496193142420267],f8b072a1490c45588207700d424185df
