time,A,B,M,N,R [ohm],cmd_id
2022-05-10T18:21:26.696142,1,2,3,4,[1.622997504627372],99b152379ae246b1b858b668f9a63342
