time,A,B,M,N,R [ohm],cmd_id
2022-05-10T18:49:31.182628,1,2,3,4,[1.4333821677731775],f8b072a1490c45588207700d424185df
