time,A,B,M,N,R [ohm],cmd_id
2022-05-10T18:41:56.650265,1,2,3,4,[2.6288446289877405],e2bd5ff5966543cc9d08146397354589
