time,A,B,M,N,R [ohm],cmd_id
2022-05-10T18:41:25.530922,1,2,3,4,[0.569713494700124],e2bd5ff5966543cc9d08146397354589
