time,A,B,M,N,R [ohm],cmd_id
2022-05-10T18:52:21.611330,1,2,3,4,[0.259415856676004],f8b072a1490c45588207700d424185df
