time,A,B,M,N,R [ohm],cmd_id
2022-05-10T17:56:03.154689,1,2,3,4,[0.2651039100294688],0df4e5ba1bb14a67852af59f54843bf5
