time,A,B,M,N,R [ohm],cmd_id
2022-05-10T18:47:15.113402,1,2,3,4,[0.3357628199008643],d63dfe7306734625bae5fed2d1dad082
