time,A,B,M,N,R [ohm],cmd_id
2022-05-10T18:20:57.508971,1,2,3,4,[2.271474971113118],99b152379ae246b1b858b668f9a63342
