time,A,B,M,N,R [ohm],cmd_id
2022-05-10T18:48:45.805681,1,2,3,4,[0.02768519716474735],f8b072a1490c45588207700d424185df
