time,A,B,M,N,R [ohm],cmd_id
2022-05-10T18:43:15.941612,1,2,3,4,[0.09882166819986912],d6f1797cdeff403283467996f39e53bb
