time,A,B,M,N,R [ohm],cmd_id
2022-05-10T17:56:06.382561,1,2,3,4,[0.5916172706169888],0df4e5ba1bb14a67852af59f54843bf5
