time,A,B,M,N,R [ohm],cmd_id
2022-05-10T17:54:20.212697,1,2,3,4,[1.2012128042136674],d9dea993dbf9455b9a953f2edff15ca2
