time,A,B,M,N,R [ohm],cmd_id
2022-05-10T18:45:59.299225,1,2,3,4,[0.6739617369582422],d40a4348ce894fd7892e5545b7696a8d
