time,A,B,M,N,R [ohm],cmd_id
2022-05-10T18:20:29.410633,1,2,3,4,[0.18900561876161684],99b152379ae246b1b858b668f9a63342
