time,A,B,M,N,R [ohm],cmd_id
2022-05-10T18:53:39.107382,1,2,3,4,[1.9349897821524182],f8b072a1490c45588207700d424185df
