time,A,B,M,N,R [ohm],cmd_id
2022-05-10T18:49:04.270234,1,2,3,4,[0.1789867052278981],f8b072a1490c45588207700d424185df
