time,A,B,M,N,R [ohm],cmd_id
2022-05-10T18:41:20.147646,1,2,3,4,[0.3077234092101495],e2bd5ff5966543cc9d08146397354589
