time,A,B,M,N,R [ohm],cmd_id
2022-05-10T18:21:29.916459,1,2,3,4,[2.023324487178852],99b152379ae246b1b858b668f9a63342
