time,A,B,M,N,R [ohm],cmd_id
2022-05-10T18:51:28.801573,1,2,3,4,[1.6412613222406598],efd57ae989194a10ba4a7da334a07a86
