time,A,B,M,N,R [ohm],cmd_id
2022-05-10T18:45:41.965841,1,2,3,4,[1.404532711245538],d40a4348ce894fd7892e5545b7696a8d
