time,A,B,M,N,R [ohm],cmd_id
2022-05-10T18:53:06.802358,1,2,3,4,[0.6420252908231477],f8b072a1490c45588207700d424185df
