time,A,B,M,N,R [ohm],cmd_id
2022-05-10T18:42:54.440204,1,2,3,4,[1.876411038856784],d6f1797cdeff403283467996f39e53bb
