time,A,B,M,N,R [ohm],cmd_id
2022-05-10T18:41:38.389216,1,2,3,4,[0.7960312467770176],e2bd5ff5966543cc9d08146397354589
