A,B,M,N,R [ohm],cmd_id
[1],[4],[2],[3],[0.43021078],{}
[2],[5],[3],[4],[0.16500095],{}
[3],[6],[4],[5],[0.28575484],{}
[4],[7],[5],[6],[0.03575152],{}
[5],[8],[6],[7],[1.12036454],{}
[6],[9],[7],[8],[0.38569062],{}
[7],[10],[8],[9],[0.60452721],{}
[8],[11],[9],[10],[0.14925767],{}
[9],[12],[10],[11],[0.62332439],{}
[10],[13],[11],[12],[1.09779012],{}
[11],[14],[12],[13],[0.12473863],{}
[12],[15],[13],[14],[0.49359827],{}
[13],[16],[14],[15],[0.22335688],{}
[14],[17],[15],[16],[0.94775501],{}
[15],[18],[16],[17],[0.41271922],{}
[16],[19],[17],[18],[1.14250035],{}
[17],[20],[18],[19],[0.56638768],{}
[18],[21],[19],[20],[0.66942472],{}
[19],[22],[20],[21],[0.85047744],{}
[20],[23],[21],[22],[0.38493781],{}
[21],[24],[22],[23],[1.59390512],{}
[22],[25],[23],[24],[0.37643948],{}
[23],[26],[24],[25],[1.46591462],{}
[24],[27],[25],[26],[1.08330903],{}
[25],[28],[26],[27],[0.24652304],{}
[26],[29],[27],[28],[0.26914108],{}
[27],[30],[28],[29],[0.89145902],{}
[28],[31],[29],[30],[1.24352542],{}
[29],[32],[30],[31],[0.63005482],{}
[1],[7],[3],[5],[0.39873805],{}
[2],[8],[4],[6],[1.59508645],{}
[3],[9],[5],[7],[0.44190634],{}
[4],[10],[6],[8],[0.52505606],{}
[5],[11],[7],[9],[0.05639434],{}
[6],[12],[8],[10],[0.8729335],{}
[7],[13],[9],[11],[0.57505956],{}
[8],[14],[10],[12],[0.78825165],{}
[9],[15],[11],[13],[1.94463926],{}
[10],[16],[12],[14],[0.85118218],{}
[11],[17],[13],[15],[0.55938846],{}
[12],[18],[14],[16],[1.18294076],{}
[13],[19],[15],[17],[0.13987118],{}
[14],[20],[16],[18],[1.67571673],{}
[15],[21],[17],[19],[0.5792256],{}
[16],[22],[18],[20],[0.35107052],{}
[17],[23],[19],[21],[0.10690192],{}
[18],[24],[20],[22],[1.44431325],{}
[19],[25],[21],[23],[0.93714512],{}
[20],[26],[22],[24],[1.14192303],{}
[21],[27],[23],[25],[0.37987418],{}
[22],[28],[24],[26],[0.23761683],{}
[23],[29],[25],[27],[1.61646767],{}
[24],[30],[26],[28],[0.20148763],{}
[25],[31],[27],[29],[0.11152828],{}
[26],[32],[28],[30],[0.00301537],{}
[1],[10],[4],[7],[0.86896145],{}
[2],[11],[5],[8],[0.8042713],{}
[3],[12],[6],[9],[1.18911101],{}
[4],[13],[7],[10],[0.30473659],{}
[5],[14],[8],[11],[0.2099649],{}
[6],[15],[9],[12],[0.47139546],{}
[7],[16],[10],[13],[1.13298895],{}
[8],[17],[11],[14],[1.18771227],{}
[9],[18],[12],[15],[1.04432033],{}
[10],[19],[13],[16],[0.92207682],{}
[11],[20],[14],[17],[1.05461755],{}
