time,A,B,M,N,R [ohm],cmd_id
2022-05-10T17:53:15.411370,1,2,3,4,[0.0411683228485681],d9dea993dbf9455b9a953f2edff15ca2
