time,A,B,M,N,R [ohm],cmd_id
2022-05-10T18:49:55.950775,1,2,3,4,[0.9744037409372037],f8b072a1490c45588207700d424185df
