time,A,B,M,N,R [ohm],cmd_id
2022-05-10T18:53:31.582535,1,2,3,4,[1.3146103897776638],f8b072a1490c45588207700d424185df
