time,A,B,M,N,R [ohm],cmd_id
2022-05-10T18:42:37.295293,1,2,3,4,[1.210687167634943],d6f1797cdeff403283467996f39e53bb
