time,A,B,M,N,R [ohm],cmd_id
2022-05-10T18:53:50.168430,1,2,3,4,[0.3697861292402138],efd57ae989194a10ba4a7da334a07a86
