time,A,B,M,N,R [ohm],cmd_id
2022-05-10T17:56:50.524583,1,2,3,4,[0.9637739222320182],0df4e5ba1bb14a67852af59f54843bf5
