time,A,B,M,N,R [ohm],cmd_id
2022-05-10T18:48:10.012636,1,2,3,4,[2.1529366565440204],d63dfe7306734625bae5fed2d1dad082
