time,A,B,M,N,R [ohm],cmd_id
2022-05-10T18:54:48.683763,1,2,3,4,[0.8564308062356044],efd57ae989194a10ba4a7da334a07a86
