time,A,B,M,N,R [ohm],cmd_id
2022-05-10T18:53:19.671946,1,2,3,4,[1.1308148039684718],f8b072a1490c45588207700d424185df
