time,A,B,M,N,R [ohm],cmd_id
2022-05-10T18:21:09.436560,1,2,3,4,[1.096372158482142],99b152379ae246b1b858b668f9a63342
