time,A,B,M,N,R [ohm],cmd_id
2022-10-28T09:04:24.389126,0,0,0,0,[0.3899510063375498],7e81975b0eb64935bfd5698be0798e4a
