time,A,B,M,N,R [ohm],cmd_id
2022-05-10T18:41:22.300509,1,2,3,4,[1.4413860749126912],e2bd5ff5966543cc9d08146397354589
