time,A,B,M,N,R [ohm],cmd_id
2022-05-10T18:21:36.420698,1,2,3,4,[0.09957272758936306],99b152379ae246b1b858b668f9a63342
