time,A,B,M,N,R [ohm],cmd_id
2022-10-28T09:04:49.514039,0,0,0,0,[1.3435630901657152],15637e61910446afa44b2558c9892b7d
