A,B,M,N,R [ohm],cmd_id
[1],[2],[3],[4],[0.09299461],19988caabc1149979499b5b478dbee3d
[1],[2],[3],[4],[1.30351072],7e48943465c546dca66728e04e51285c
