time,A,B,M,N,R [ohm],cmd_id
2022-05-10T18:50:01.364901,1,2,3,4,[0.03725556476481657],f8b072a1490c45588207700d424185df
