time,A,B,M,N,R [ohm],cmd_id
2022-05-10T18:19:57.127206,1,2,3,4,[0.5640214623628789],99b152379ae246b1b858b668f9a63342
