time,A,B,M,N,R [ohm],cmd_id
2022-05-10T18:47:45.236217,1,2,3,4,[0.003572018553660702],d63dfe7306734625bae5fed2d1dad082
