time,A,B,M,N,R [ohm],cmd_id
2022-05-10T18:45:04.224646,1,2,3,4,[0.3580586917674266],d40a4348ce894fd7892e5545b7696a8d
