time,A,B,M,N,R [ohm],cmd_id
2022-05-10T18:44:45.947475,1,2,3,4,[1.1287444177200965],d40a4348ce894fd7892e5545b7696a8d
