time,A,B,M,N,R [ohm],cmd_id
2022-05-10T18:48:41.498146,1,2,3,4,[0.0754962230587515],f8b072a1490c45588207700d424185df
