time,A,B,M,N,R [ohm],cmd_id
2022-05-10T17:56:13.962354,1,2,3,4,[1.2345310896443693],0df4e5ba1bb14a67852af59f54843bf5
