time,A,B,M,N,R [ohm],cmd_id
2022-05-10T18:44:53.416254,1,2,3,4,[0.12935312220357242],d40a4348ce894fd7892e5545b7696a8d
