time,A,B,M,N,R [ohm],cmd_id
2022-05-10T17:55:44.215716,1,2,3,4,[0.7587467219430618],53c6ab7e9c2946ef8de122a8623c19a3
