time,A,B,M,N,R [ohm],cmd_id
2022-05-10T18:19:56.064291,1,2,3,4,[0.27158467153693006],99b152379ae246b1b858b668f9a63342
