time,A,B,M,N,R [ohm],cmd_id
2022-05-10T18:46:53.442922,1,2,3,4,[2.0930059972822233],d63dfe7306734625bae5fed2d1dad082
