time,A,B,M,N,R [ohm],cmd_id
2022-05-10T18:21:38.581822,1,2,3,4,[3.5154104699372506],99b152379ae246b1b858b668f9a63342
