time,A,B,M,N,R [ohm],cmd_id
2022-05-10T18:42:42.668769,1,2,3,4,[0.4909327278389913],d6f1797cdeff403283467996f39e53bb
