time,A,B,M,N,R [ohm],cmd_id
2022-05-10T18:47:35.667233,1,2,3,4,[0.29716597142553586],d63dfe7306734625bae5fed2d1dad082
