time,A,B,M,N,R [ohm],cmd_id
2022-05-10T18:46:59.979274,1,2,3,4,[0.5075297416679649],d63dfe7306734625bae5fed2d1dad082
