time,A,B,M,N,R [ohm],cmd_id
2022-05-10T18:20:14.342489,1,2,3,4,[1.1361462119911268],99b152379ae246b1b858b668f9a63342
