time,A,B,M,N,R [ohm],cmd_id
2022-05-10T18:51:59.092718,1,2,3,4,[0.7520331673220138],f8b072a1490c45588207700d424185df
