time,A,B,M,N,R [ohm],cmd_id
2022-05-10T18:47:38.832281,1,2,3,4,[1.177758572542316],d63dfe7306734625bae5fed2d1dad082
