time,A,B,M,N,R [ohm],cmd_id
2022-05-10T17:52:47.350080,1,2,3,4,[1.7434511521904554],d9dea993dbf9455b9a953f2edff15ca2
