time,A,B,M,N,R [ohm],cmd_id
2022-05-10T18:51:38.516376,1,2,3,4,[0.006193045156332567],efd57ae989194a10ba4a7da334a07a86
