time,A,B,M,N,R [ohm],cmd_id
2022-10-28T09:25:24.451340,0,0,0,0,[1.2555358634964378],edb305530b4b4441bc09712e33c57389
