time,A,B,M,N,R [ohm],cmd_id
2022-05-10T18:21:15.925563,1,2,3,4,[0.20785151415918707],99b152379ae246b1b858b668f9a63342
