time,A,B,M,N,R [ohm],cmd_id
2022-05-10T17:53:54.316057,1,2,3,4,[1.5899464170474187],d9dea993dbf9455b9a953f2edff15ca2
