time,A,B,M,N,R [ohm],cmd_id
2022-05-10T18:49:08.622441,1,2,3,4,[1.790083605269067],f8b072a1490c45588207700d424185df
