time,A,B,M,N,R [ohm],cmd_id
2022-05-10T18:41:17.988476,1,2,3,4,[0.9147652369651031],e2bd5ff5966543cc9d08146397354589
