time,A,B,M,N,R [ohm],cmd_id
2022-05-10T18:46:33.963143,1,2,3,4,[0.6433021154147112],d63dfe7306734625bae5fed2d1dad082
