time,A,B,M,N,R [ohm],cmd_id
2022-05-10T18:50:27.295609,1,2,3,4,[1.0345936368081572],efd57ae989194a10ba4a7da334a07a86
