time,A,B,M,N,R [ohm],cmd_id
2022-05-10T18:49:59.177527,1,2,3,4,[1.1955356509536756],f8b072a1490c45588207700d424185df
