time,A,B,M,N,R [ohm],cmd_id
2022-05-10T18:40:52.054584,1,2,3,4,[0.7176250895923844],e2bd5ff5966543cc9d08146397354589
