A,B,M,N,R [ohm],cmd_id
[1],[4],[2],[3],[2.44128939],
[2],[5],[3],[4],[0.94660049],
[3],[6],[4],[5],[1.01125618],
[4],[7],[5],[6],[0.14061437],
[5],[8],[6],[7],[0.61819719],
[6],[9],[7],[8],[0.55875547],
[7],[10],[8],[9],[0.23448684],
[8],[11],[9],[10],[1.34267982],
[9],[12],[10],[11],[0.83655145],
[10],[13],[11],[12],[0.53224022],
[11],[14],[12],[13],[0.99989192],
[12],[15],[13],[14],[1.08897559],
[13],[16],[14],[15],[0.57304429],
[14],[17],[15],[16],[0.25310786],
[15],[18],[16],[17],[0.11650521],
[16],[19],[17],[18],[1.06559277],
[17],[20],[18],[19],[0.30125784],
[18],[21],[19],[20],[0.7031719],
[19],[22],[20],[21],[0.05716327],
[20],[23],[21],[22],[1.99560208],
[21],[24],[22],[23],[1.34882791],
[22],[25],[23],[24],[0.78432784],
[23],[26],[24],[25],[0.98472924],
[24],[27],[25],[26],[1.8162344],
[25],[28],[26],[27],[1.31590314],
[26],[29],[27],[28],[0.12970807],
[27],[30],[28],[29],[0.29437725],
[28],[31],[29],[30],[0.21225227],
[29],[32],[30],[31],[1.31253759],
[1],[7],[3],[5],[0.77234078],
[2],[8],[4],[6],[0.08572439],
[3],[9],[5],[7],[1.12511425],
[4],[10],[6],[8],[1.05023108],
[5],[11],[7],[9],[0.74113171],
[6],[12],[8],[10],[1.09264524],
[7],[13],[9],[11],[0.58620733],
[8],[14],[10],[12],[0.78334942],
[9],[15],[11],[13],[1.18370258],
[10],[16],[12],[14],[0.60969014],
[11],[17],[13],[15],[0.88532379],
[12],[18],[14],[16],[2.29969609],
[13],[19],[15],[17],[0.74100666],
[14],[20],[16],[18],[3.15784757],
[15],[21],[17],[19],[1.20673649],
[16],[22],[18],[20],[0.8954878],
[17],[23],[19],[21],[1.43122846],
[18],[24],[20],[22],[1.14390309],
