time,A,B,M,N,R [ohm],cmd_id
2022-05-10T18:43:46.519648,1,2,3,4,[1.7123443370772835],3c3a682585a74e40a5e7e1505bffee75
