time,A,B,M,N,R [ohm],cmd_id
2022-05-10T18:20:44.557115,1,2,3,4,[0.01743598981319987],99b152379ae246b1b858b668f9a63342
