A,B,M,N,R [ohm],cmd_id
[1],[2],[3],[4],[0.53417966],19988caabc1149979499b5b478dbee3d
[1],[2],[3],[4],[0.52802363],44df2115a5c94634be228e769aebeb7b
[1],[2],[3],[4],[1.16722399],1c7a53a1f3e248b8af8c23523b823fcc
[1],[2],[3],[4],[0.17347011],7e48943465c546dca66728e04e51285c
