time,A,B,M,N,R [ohm],cmd_id
2022-05-10T18:41:14.754090,1,2,3,4,[0.19133841033657994],e2bd5ff5966543cc9d08146397354589
