time,A,B,M,N,R [ohm],cmd_id
2022-05-10T18:43:13.807978,1,2,3,4,[0.12941448336996522],d6f1797cdeff403283467996f39e53bb
