time,A,B,M,N,R [ohm],cmd_id
2022-05-10T18:51:56.956056,1,2,3,4,[1.3084770592580632],f8b072a1490c45588207700d424185df
