time,A,B,M,N,R [ohm],cmd_id
2022-05-10T18:19:54.980754,1,2,3,4,[2.4970367665321795],99b152379ae246b1b858b668f9a63342
