A,B,M,N,R [ohm],cmd_id
[1],[2],[3],[4],[1.11359882],dd2601b5319d4116bb693e16ff5bebd1
[1],[2],[3],[4],[1.24433145],a2b424f13d5e4068bf9531bf65a0b1b5
[1],[2],[3],[4],[2.01261063],df843b250a6f4bb29680f47b9010fdc1
[1],[2],[3],[4],[2.22133585],7a2adad9b705474389bfd6d51e538669
