time,A,B,M,N,R [ohm],cmd_id
2022-05-10T18:49:53.788309,1,2,3,4,[0.5159832141106429],f8b072a1490c45588207700d424185df
