A,B,M,N,R [ohm],cmd_id
[1],[2],[3],[4],[0.33979503],ed3b9b13c5d641e6a887717389a5cff1
[1],[2],[3],[4],[0.32593191],3f114460303e487fbf28a8deb0bd598b
[1],[2],[3],[4],[2.04587426],86b56fcdafcc4032abb24cda62faefd0
[1],[2],[3],[4],[0.81823707],559bf727f73c44099003c69c76d90c71
