time,A,B,M,N,R [ohm],cmd_id
2022-05-10T18:47:31.344195,1,2,3,4,[2.1956582797862585],d63dfe7306734625bae5fed2d1dad082
