time,A,B,M,N,R [ohm],cmd_id
2022-05-10T18:47:03.222967,1,2,3,4,[0.6561711098896467],d63dfe7306734625bae5fed2d1dad082
