time,A,B,M,N,R [ohm],cmd_id
2022-05-10T18:46:03.609407,1,2,3,4,[0.6002312679416103],d40a4348ce894fd7892e5545b7696a8d
