time,A,B,M,N,R [ohm],cmd_id
2022-05-10T18:49:49.479393,1,2,3,4,[0.6697574407893281],f8b072a1490c45588207700d424185df
