time,A,B,M,N,R [ohm],cmd_id
2022-05-10T18:46:46.944831,1,2,3,4,[0.0007943142015078231],d63dfe7306734625bae5fed2d1dad082
