time,A,B,M,N,R [ohm],cmd_id
2022-05-10T18:47:58.202874,1,2,3,4,[1.3647996172412373],d63dfe7306734625bae5fed2d1dad082
